{"stats":{"minecraft:killed_by":{"minecraft:player":2},"minecraft:mined":{"minecraft:obsidian":1,"pamhc2trees:spiderweb_sapling":2,"create:large_cogwheel":1,"create:encased_fan":14,"minecraft:spruce_leaves":3,"create:shaft":9,"pamhc2trees:pamspiderweb":7,"minecraft:spruce_sapling":1,"minecraft:furnace":1,"minecraft:carrots":1,"minecraft:fire":1,"minecraft:stripped_spruce_log":10,"minecraft:cobblestone_slab":37,"minecraft:stripped_oak_log":13,"minecraft:bamboo":8,"minecraft:stone":74,"create:mechanical_press":7,"minecraft:oak_slab":9,"create:cogwheel":5,"minecraft:soul_sand":2,"minecraft:stone_brick_slab":1,"minecraft:crafting_table":1,"minecraft:clay":4,"create:water_wheel":5,"minecraft:stone_slab":13,"minecraft:cobblestone":16,"minecraft:sugar_cane":3,"minecraft:oak_planks":1,"ironchest:dirt_chest":1,"projecte:transmutation_table":1,"compressium:cobblestone_1":1,"minecraft:spruce_log":11,"minecraft:oak_log":19,"exdeorum:oak_barrel":2,"minecraft:sand":2,"minecraft:oak_leaves":13},"minecraft:dropped":{"minecraft:water_bucket":1,"minecraft:iron_ingot":1,"minecraft:soul_sand":31,"minecraft:wheat_seeds":4,"minecraft:oak_log":7,"minecraft:diamond":1,"exdeorum:mycelium_spores":1,"kubejs:algal_blend":96,"exdeorum:zinc_ore_chunk":4,"exdeorum:golden_mesh":1,"exdeorum:iron_mesh":1,"minecraft:emerald":1,"exdeorum:crimson_nylium_spores":1,"minecraft:wooden_axe":3,"minecraft:dead_bush":3,"minecraft:jungle_sapling":1,"pamhc2trees:spiderweb_sapling":3,"exdeorum:granite_pebble":1,"projecte:philosophers_stone":1,"ad_astra:ice_shard":1,"minecraft:cactus":1,"minecraft:pink_petals":3,"exdeorum:stone_pebble":16,"minecraft:bucket":5,"create:raw_zinc":1,"minecraft:gold_ingot":1,"exdeorum:diamond_mesh":1,"minecraft:kelp":1,"minecraft:sugar_cane":3,"exdeorum:string_mesh":1,"projecte:transmutation_table":1,"ironchest:dirt_chest":1,"minecraft:pumpkin_seeds":1,"minecraft:potato":29,"kubejs:algal_brick":1,"create:zinc_ingot":22,"exdeorum:warped_nylium_spores":1,"minecraft:melon_seeds":4,"minecraft:bamboo":4,"exdeorum:diorite_pebble":13,"rechiseled:chisel":1,"exdeorum:andesite_pebble":6,"minecraft:wooden_pickaxe":1,"minecraft:written_book":1,"createaddition:zinc_sheet":1,"create:andesite_alloy":14},"minecraft:picked_up":{"exdeorum:mycelium_spores":1,"minecraft:crafting_table":1,"exdeorum:dust":15,"minecraft:nether_wart":1,"minecraft:clay_ball":20,"minecraft:stone_slab":11,"minecraft:wooden_pickaxe":1,"exdeorum:oak_barrel":2,"minecraft:string":9,"exdeorum:granite_pebble":14,"pamhc2trees:spiderweb_sapling":2,"create:water_wheel":5,"create:mechanical_press":7,"miniutilities:stone_opinium_core":1,"minecraft:azalea":37,"minecraft:written_book":1,"exdeorum:zinc_ore_chunk":54,"minecraft:cobblestone_slab":45,"minecraft:jungle_sapling":5,"minecraft:iron_nugget":17,"minecraft:sugar_cane":6,"minecraft:birch_sapling":1,"ironchest:dirt_chest":1,"minecraft:furnace":1,"minecraft:dark_oak_sapling":43,"minecraft:stick":7,"minecraft:stone":105,"minecraft:big_dripleaf":9,"minecraft:carrot":28,"create:zinc_ingot":12,"create:large_cogwheel":1,"minecraft:cactus":4,"minecraft:beetroot_seeds":1,"exdeorum:diorite_pebble":16,"exdeorum:andesite_pebble":6,"minecraft:obsidian":28,"minecraft:cobblestone":81,"minecraft:stripped_oak_log":12,"minecraft:pink_petals":3,"kubejs:algal_brick":48,"minecraft:potato":42,"minecraft:flint":31,"create:raw_zinc":1,"minecraft:oak_log":94,"create:andesite_alloy":23,"minecraft:gunpowder":3,"minecraft:dirt":47,"minecraft:wheat_seeds":6,"exdeorum:stone_pebble":30,"minecraft:iron_ingot":264,"kubejs:algal_blend":48,"create:shaft":8,"minecraft:bamboo":39,"minecraft:flowering_azalea":21,"minecraft:soul_sand":2,"minecraft:oak_planks":8,"minecraft:oak_slab":11,"create:cogwheel":5,"miniutilities:diamond_opinium_core":3,"minecraft:quartz":4,"minecraft:poisonous_potato":2,"minecraft:gravel":9,"minecraft:sand":1,"minecraft:stripped_spruce_log":10,"minecraft:spruce_sapling":1,"minecraft:dead_bush":4,"minecraft:spruce_log":9,"createaddition:zinc_sheet":9,"exdeorum:warped_nylium_spores":1,"minecraft:pumpkin_seeds":1,"minecraft:clay":4,"minecraft:diamond":6,"compressium:cobblestone_1":1,"create:encased_fan":14,"minecraft:cherry_sapling":16,"minecraft:bone_meal":3,"exdeorum:crimson_nylium_spores":1,"projecte:transmutation_table":1,"minecraft:oak_sapling":20,"minecraft:melon_seeds":4,"minecraft:mangrove_propagule":15},"minecraft:broken":{"minecraft:wooden_pickaxe":3},"minecraft:used":{"minecraft:red_sand":6,"minecraft:chest":4,"minecraft:stone":70,"minecraft:soul_sand":35,"exdeorum:witch_water_bucket":1,"minecraft:dirt":1,"exdeorum:porcelain_bucket":1,"create:cogwheel":9,"compressium:dirt_1":1,"minecraft:carrot":36,"minecraft:wooden_axe":67,"minecraft:lava_bucket":3,"exdeorum:porcelain_crucible":1,"minecraft:written_book":1,"create:shaft":11,"minecraft:furnace":2,"minecraft:oak_sapling":10,"tombstone:gift":1,"minecraft:potato":28,"pamhc2trees:spiderweb_sapling":2,"minecraft:water_bucket":2,"minecraft:glass_bottle":14,"minecraft:baked_potato":1,"compressium:cobblestone_1":1,"minecraft:wooden_pickaxe":178,"minecraft:clay":4,"minecraft:cobblestone_slab":101,"minecraft:cookie":1,"create:encased_fan":16,"minecraft:crafting_table":1,"minecraft:oak_slab":11,"minecraft:spruce_log":11,"minecraft:oak_log":14,"exdeorum:dust":10,"exdeorum:oak_barrel":2,"minecraft:diamond_pickaxe":10,"create:mechanical_press":8,"minecraft:iron_pickaxe":1,"create:water_wheel":6,"minecraft:stone_slab":159,"minecraft:stone_axe":9,"projecte:philosophers_stone":71,"minecraft:cobblestone":10,"minecraft:smithing_table":1,"minecraft:bucket":10,"create:large_cogwheel":3},"minecraft:crafted":{"miniutilities:diamond_opinium_core":2,"minecraft:oak_planks":147,"minecraft:cobblestone_slab":162,"quark:sturdy_stone":16,"minecraft:furnace":1,"create:andesite_casing":3,"minecraft:stone":3,"exdeorum:unfired_porcelain_crucible":1,"miniutilities:gold_opinium_core":7,"miniutilities:stone_opinium_core":36,"kubejs:algal_brick":65,"minecraft:diamond":10,"create:mechanical_press":1,"minecraft:stone_pickaxe":1,"minecraft:chest":4,"kubejs:andesite_machine":3,"compressium:stone_1":3,"create:cogwheel":29,"exdeorum:porcelain_crucible":1,"kubejs:algal_blend":64,"minecraft:oak_slab":54,"create:andesite_alloy":74,"cb_microblock:stone_rod":4,"minecraft:emerald":2,"minecraft:spruce_planks":31,"minecraft:baked_potato":1,"minecraft:wooden_pickaxe":4,"create:zinc_nugget":90,"minecraft:smithing_table":1,"minecraft:golden_pickaxe":1,"miniutilities:iron_opinium_core":18,"minecraft:stone_axe":1,"minecraft:air":1549,"rechiseled:chisel":1,"exdeorum:porcelain_clay_ball":11,"create:encased_fan":1,"compressium:dirt_1":7,"miniutilities:wooden_opinium_core":68,"minecraft:diamond_pickaxe":1,"minecraft:charcoal":9,"minecraft:cobblestone":9,"create:water_wheel":1,"exdeorum:porcelain_bucket":1,"minecraft:stick":5,"minecraft:stone_slab":22,"minecraft:iron_ingot":5,"create:raw_zinc":5,"minecraft:iron_pickaxe":1,"minecraft:wooden_axe":3,"create:zinc_block":1,"compressium:cobblestone_1":15,"minecraft:gold_ingot":40,"create:large_cogwheel":2,"create:propeller":2,"kubejs:kinetic_mechanism":19,"create:shaft":11,"kubejs:flint_saw":1,"create:zinc_ingot":66},"minecraft:custom":{"minecraft:interact_with_smithing_table":9,"minecraft:interact_with_crafting_table":90,"minecraft:leave_game":1,"minecraft:time_since_death":9988,"minecraft:damage_resisted":0,"minecraft:sprint_one_cm":236381,"minecraft:walk_one_cm":305276,"minecraft:drop":85,"minecraft:play_time":221445,"minecraft:deaths":2,"minecraft:sneak_time":15741,"minecraft:walk_under_water_one_cm":4742,"minecraft:jump":1143,"minecraft:walk_on_water_one_cm":12853,"minecraft:total_world_time":221445,"minecraft:interact_with_furnace":35,"minecraft:sleep_in_bed":1,"minecraft:time_since_rest":10009,"minecraft:damage_taken":1450,"minecraft:damage_absorbed":3,"minecraft:damage_dealt":860,"minecraft:player_kills":3,"minecraft:swim_one_cm":5000,"minecraft:fly_one_cm":134722,"minecraft:open_chest":240,"minecraft:crouch_one_cm":51901,"minecraft:fall_one_cm":32431}},"DataVersion":3465}