{"stats":{"minecraft:killed_by":{"minecraft:player":2},"minecraft:mined":{"minecraft:oak_sapling":1,"pamhc2trees:spiderweb_sapling":2,"minecraft:spruce_leaves":10,"pamhc2trees:pamspiderweb":2,"minecraft:fire":3,"minecraft:cobblestone_slab":1,"minecraft:clay":2,"minecraft:oak_log":11,"minecraft:dirt":1,"minecraft:gravel":105,"minecraft:sand":22},"minecraft:dropped":{"minecraft:stripped_spruce_log":1,"minecraft:wheat_seeds":2,"minecraft:oak_log":3,"minecraft:diamond":6,"kubejs:algal_blend":48,"minecraft:cobblestone":4,"exdeorum:golden_mesh":1,"exdeorum:iron_mesh":1,"minecraft:stick":6,"minecraft:flint":2,"exdeorum:dust":20,"projecte:philosophers_stone":3,"minecraft:sand":2,"ad_astra:ice_shard":1,"minecraft:string":1,"exdeorum:stone_pebble":4,"create:raw_zinc":1,"minecraft:spruce_sapling":1,"minecraft:gravel":186,"exdeorum:diamond_mesh":1,"minecraft:iron_nugget":1,"miniutilities:stone_opinium_core":1,"exdeorum:string_mesh":2,"exdeorum:unfired_porcelain_bucket":4,"minecraft:obsidian":64,"minecraft:cherry_sapling":1,"minecraft:clay_ball":6,"minecraft:oak_planks":8,"exdeorum:flint_mesh":2,"minecraft:stripped_oak_log":1,"minecraft:pumpkin_seeds":1,"minecraft:potato":128,"minecraft:stone":14,"minecraft:melon_seeds":1,"minecraft:oak_sapling":1,"minecraft:bamboo":1,"minecraft:spruce_log":1,"create:andesite_alloy":9},"minecraft:picked_up":{"exdeorum:porcelain_bucket":2,"exdeorum:mycelium_spores":1,"exdeorum:dust":5,"minecraft:clay_ball":9,"exdeorum:grass_seeds":3,"minecraft:string":12,"exdeorum:granite_pebble":76,"exdeorum:string_mesh":1,"pamhc2trees:spiderweb_sapling":2,"minecraft:sea_pickle":1,"exdeorum:zinc_ore_chunk":12,"minecraft:cobblestone_slab":1,"minecraft:iron_nugget":1,"minecraft:sugar_cane":2,"minecraft:birch_sapling":3,"minecraft:stick":5,"minecraft:stone":3,"minecraft:pointed_dripstone":1,"minecraft:carrot":3,"create:zinc_ingot":60,"minecraft:cactus":4,"minecraft:beetroot_seeds":3,"exdeorum:diorite_pebble":28,"exdeorum:andesite_pebble":28,"minecraft:gold_ingot":1,"minecraft:obsidian":64,"minecraft:cobblestone":2,"minecraft:stripped_oak_log":1,"minecraft:pink_petals":1,"kubejs:algal_brick":1,"minecraft:potato":71,"minecraft:flint":20,"minecraft:oak_log":75,"minecraft:lily_pad":2,"minecraft:dirt":1,"minecraft:kelp":6,"minecraft:wheat_seeds":6,"exdeorum:stone_pebble":92,"kubejs:algal_blend":48,"projecte:philosophers_stone":2,"minecraft:iron_ingot":128,"create:shaft":1,"rechiseled:chisel":1,"minecraft:bamboo":1,"minecraft:oak_planks":4,"minecraft:soul_sand":1,"exdeorum:unfired_porcelain_bucket":2,"minecraft:sweet_berries":1,"minecraft:gravel":186,"minecraft:sand":24,"minecraft:stripped_spruce_log":1,"minecraft:spruce_sapling":1,"minecraft:dead_bush":3,"minecraft:spruce_log":1,"minecraft:pumpkin_seeds":5,"minecraft:clay":2,"minecraft:cherry_sapling":66,"minecraft:baked_potato":64,"minecraft:oak_sapling":2,"minecraft:melon_seeds":7,"minecraft:ender_pearl":1},"minecraft:used":{"minecraft:red_sand":1,"minecraft:flint_and_steel":3,"minecraft:stone_shovel":106,"tombstone:dark_marble":1,"minecraft:stone":3,"minecraft:dirt":65,"exdeorum:porcelain_bucket":5,"minecraft:lava_bucket":2,"exdeorum:porcelain_witch_water_bucket":3,"minecraft:sweet_berries":2,"tombstone:gift":4,"minecraft:potato":1,"pamhc2trees:spiderweb_sapling":3,"minecraft:water_bucket":20,"minecraft:stone_pickaxe":2,"minecraft:baked_potato":5,"minecraft:sandstone":105,"minecraft:clay":2,"minecraft:cobblestone_slab":1,"minecraft:sand":36,"minecraft:stone_slab":31,"minecraft:stone_axe":14,"projecte:philosophers_stone":175,"minecraft:cobblestone":22,"minecraft:bucket":23,"exdeorum:porcelain_lava_bucket":2,"exdeorum:mycelium_spores":7},"minecraft:crafted":{"minecraft:oak_planks":69,"minecraft:stone_shovel":1,"miniutilities:stone_opinium_core":6,"minecraft:flint_and_steel":1,"kubejs:algal_brick":3,"minecraft:leather":3,"exdeorum:string_mesh":1,"pamhc2foodcore:grinderitem":1,"minecraft:stone_pickaxe":1,"create:cogwheel":1,"kubejs:algal_blend":4,"create:andesite_alloy":2,"minecraft:wooden_shovel":1,"cb_microblock:stone_rod":3,"minecraft:wooden_pickaxe":1,"minecraft:baked_potato":4,"create:zinc_nugget":9,"minecraft:stone_axe":1,"minecraft:air":136,"miniutilities:wooden_opinium_core":20,"exdeorum:flint_mesh":1,"minecraft:stick":12,"minecraft:stone_slab":66,"create:raw_zinc":1,"tombstone:dark_marble":1,"minecraft:wooden_axe":1,"minecraft:gold_ingot":1,"minecraft:sandstone":97,"exdeorum:dust":16,"create:shaft":8,"minecraft:andesite":7,"kubejs:flint_saw":1},"minecraft:custom":{"minecraft:interact_with_crafting_table":16,"minecraft:leave_game":1,"minecraft:time_since_death":8788,"minecraft:sprint_one_cm":234170,"minecraft:walk_one_cm":359621,"minecraft:drop":79,"minecraft:play_time":221359,"minecraft:sneak_time":8655,"minecraft:deaths":5,"minecraft:walk_under_water_one_cm":792,"minecraft:jump":1842,"minecraft:walk_on_water_one_cm":13800,"minecraft:total_world_time":221359,"minecraft:interact_with_furnace":8,"minecraft:time_since_rest":8813,"minecraft:damage_taken":1669,"minecraft:damage_absorbed":8,"minecraft:damage_dealt":875,"minecraft:swim_one_cm":2281,"minecraft:fly_one_cm":210586,"minecraft:player_kills":4,"minecraft:open_chest":82,"minecraft:crouch_one_cm":27046,"minecraft:fall_one_cm":134382}},"DataVersion":3465}