{"stats":{"minecraft:killed_by":{"minecraft:player":1},"minecraft:mined":{"minecraft:oak_sapling":1,"minecraft:red_sand":4,"minecraft:grass_block":2,"minecraft:spruce_leaves":5,"minecraft:moss_block":10,"minecraft:rooted_dirt":1,"minecraft:mangrove_propagule":2,"pamhc2trees:pamspiderweb":4,"minecraft:spruce_sapling":1,"minecraft:carrots":2,"minecraft:jungle_sapling":2,"minecraft:fire":3,"minecraft:moss_carpet":1,"exdeorum:oak_sieve":6,"minecraft:azalea":1,"minecraft:bamboo":2,"minecraft:flowering_azalea":1,"minecraft:stone_brick_slab":2,"minecraft:torch":24,"minecraft:tall_grass":2,"minecraft:wall_torch":1,"minecraft:birch_sapling":1,"minecraft:acacia_sapling":1,"minecraft:sea_pickle":36,"minecraft:ice":1,"minecraft:sweet_berry_bush":1,"minecraft:grass":4,"minecraft:oak_log":24,"minecraft:dark_oak_sapling":1,"minecraft:sand":16,"minecraft:gravel":160,"minecraft:stone_bricks":1,"minecraft:oak_leaves":49},"minecraft:dropped":{"minecraft:iron_ingot":392,"minecraft:oak_slab":1,"minecraft:oak_log":203,"exdeorum:mycelium_spores":64,"exdeorum:zinc_ore_chunk":540,"minecraft:cobblestone":1,"minecraft:stick":4,"minecraft:flint":443,"minecraft:dirt":65,"exdeorum:grass_seeds":28,"tconstruct:flint_shuriken":14,"exdeorum:granite_pebble":115,"projecte:philosophers_stone":5,"miniutilities:diamond_opinium_core":6,"exdeorum:stone_pebble":17,"minecraft:gravel":9,"minecraft:moss_carpet":4,"minecraft:kelp":1,"minecraft:obsidian":64,"minecraft:oak_planks":1,"minecraft:stripped_oak_log":1,"minecraft:pumpkin_seeds":217,"minecraft:potato":512,"minecraft:stone":96,"create:zinc_ingot":60,"minecraft:melon_seeds":226,"exdeorum:warped_nylium_spores":1,"exdeorum:diorite_pebble":13,"minecraft:bamboo":1,"exdeorum:andesite_pebble":11,"minecraft:wooden_pickaxe":1},"minecraft:picked_up":{"minecraft:wooden_axe":1,"exdeorum:mycelium_spores":126,"minecraft:nether_wart":9,"minecraft:clay_ball":1,"minecraft:wooden_pickaxe":1,"exdeorum:grass_seeds":388,"minecraft:string":19,"minecraft:moss_carpet":4,"exdeorum:string_mesh":5,"exdeorum:granite_pebble":2504,"exdeorum:golden_mesh":3,"pamhc2trees:spiderweb_sapling":5,"minecraft:sea_pickle":37,"minecraft:red_sand":4,"exdeorum:iron_mesh":11,"minecraft:bucket":5,"minecraft:azalea":384,"exdeorum:zinc_ore_chunk":667,"minecraft:jungle_sapling":778,"minecraft:sugar_cane":368,"minecraft:birch_sapling":776,"minecraft:dark_oak_sapling":704,"minecraft:stick":8,"minecraft:stone":32,"minecraft:big_dripleaf":441,"minecraft:torch":25,"minecraft:pointed_dripstone":50,"minecraft:carrot":395,"minecraft:redstone":35,"tconstruct:flint_shuriken":18,"create:zinc_ingot":2,"minecraft:cactus":48,"minecraft:beetroot_seeds":262,"exdeorum:diorite_pebble":2577,"ad_astra:ice_shard":3,"exdeorum:andesite_pebble":2591,"minecraft:gold_ingot":1,"minecraft:glow_berries":361,"minecraft:obsidian":1,"minecraft:cobblestone":1,"minecraft:stripped_oak_log":2,"minecraft:pink_petals":72,"minecraft:potato":632,"minecraft:flint":784,"minecraft:oak_log":104,"minecraft:lily_pad":304,"minecraft:gunpowder":7,"minecraft:dirt":3,"minecraft:bone":5,"minecraft:apple":1,"minecraft:stone_bricks":1,"minecraft:kelp":3,"minecraft:wheat_seeds":347,"minecraft:small_dripleaf":427,"minecraft:spore_blossom":300,"exdeorum:oak_sieve":6,"exdeorum:stone_pebble":2602,"projecte:philosophers_stone":1,"minecraft:iron_ingot":1,"minecraft:bamboo":136,"minecraft:moss_block":10,"minecraft:soul_sand":31,"minecraft:flowering_azalea":235,"minecraft:acacia_sapling":702,"minecraft:glow_lichen":260,"minecraft:sweet_berries":311,"miniutilities:diamond_opinium_core":3,"minecraft:stone_brick_slab":2,"minecraft:quartz":11,"minecraft:amethyst_shard":62,"minecraft:poisonous_potato":130,"minecraft:gravel":336,"exdeorum:flint_mesh":31,"minecraft:sand":17,"minecraft:spruce_sapling":697,"minecraft:dead_bush":41,"minecraft:pumpkin_seeds":383,"exdeorum:warped_nylium_spores":7,"exdeorum:diamond_mesh":3,"minecraft:diamond":1,"minecraft:cherry_sapling":701,"exdeorum:crimson_nylium_spores":1,"minecraft:emerald":2,"projecte:transmutation_table":1,"minecraft:rooted_dirt":1,"minecraft:oak_sapling":695,"minecraft:melon_seeds":403,"minecraft:mangrove_propagule":673,"minecraft:coal":43},"minecraft:used":{"minecraft:moss_block":6780,"minecraft:red_sand":408,"minecraft:stone":10,"minecraft:torch":25,"minecraft:soul_sand":35,"minecraft:dirt":2505,"exdeorum:porcelain_bucket":2,"minecraft:carrot":18,"minecraft:acacia_sapling":1,"minecraft:jungle_sapling":2,"minecraft:stone_brick_slab":120,"minecraft:birch_sapling":1,"minecraft:stone_brick_stairs":15,"minecraft:stone_bricks":19,"minecraft:bamboo":1,"tconstruct:flint_shuriken":4,"exdeorum:porcelain_water_bucket":1,"minecraft:sweet_berries":2,"minecraft:oak_sapling":11,"minecraft:potato":10,"minecraft:dark_oak_sapling":1,"exdeorum:oak_sieve":46,"pamhc2trees:spiderweb_sapling":8,"minecraft:water_bucket":7,"minecraft:glass_bottle":3,"minecraft:baked_potato":2,"minecraft:wooden_pickaxe":3,"minecraft:sandstone":337,"minecraft:cut_sandstone":1,"minecraft:crafting_table":1,"minecraft:wooden_hoe":18,"exdeorum:oak_barrel":1,"projecte:transmutation_table":1,"minecraft:red_sandstone":1,"minecraft:stone_slab":26,"minecraft:spruce_sapling":1,"minecraft:gravel":324,"projecte:philosophers_stone":154,"exdeorum:oak_crucible":1,"minecraft:bucket":9,"minecraft:ice":1,"minecraft:sea_pickle":36,"exdeorum:porcelain_lava_bucket":1},"minecraft:crafted":{"minecraft:oak_planks":140,"minecraft:stone_shovel":1,"minecraft:cut_sandstone":2,"exdeorum:diamond_mesh":1,"minecraft:stone":688,"minecraft:red_sandstone":1,"miniutilities:stone_opinium_core":2,"minecraft:granite":673,"kubejs:algal_brick":1,"minecraft:glass":3,"minecraft:diamond":25,"minecraft:stone_brick_slab":57,"exdeorum:string_mesh":16,"minecraft:ender_pearl":1,"minecraft:stone_bricks":64,"exdeorum:iron_mesh":20,"kubejs:algal_blend":2,"minecraft:glass_bottle":3,"exdeorum:golden_mesh":5,"minecraft:oak_slab":40,"minecraft:wooden_shovel":1,"minecraft:emerald":6,"exdeorum:oak_barrel":1,"minecraft:crafting_table":1,"minecraft:baked_potato":5,"minecraft:moss_block":65,"minecraft:ice":1,"minecraft:diorite":700,"minecraft:air":4561,"exdeorum:oak_crucible":1,"minecraft:stone_brick_stairs":10,"miniutilities:wooden_opinium_core":8,"minecraft:wooden_hoe":1,"minecraft:charcoal":3,"exdeorum:porcelain_bucket":1,"exdeorum:flint_mesh":20,"minecraft:stick":23,"minecraft:stone_slab":20,"minecraft:flint":1,"minecraft:gold_ingot":108,"minecraft:sandstone":497,"exdeorum:oak_sieve":41,"minecraft:andesite":687,"minecraft:torch":8},"minecraft:custom":{"minecraft:interact_with_crafting_table":27,"minecraft:leave_game":2,"minecraft:time_since_death":10561,"minecraft:sprint_one_cm":214045,"minecraft:walk_one_cm":328963,"minecraft:drop":128,"minecraft:play_time":222830,"minecraft:deaths":1,"minecraft:sneak_time":9690,"minecraft:walk_under_water_one_cm":8207,"minecraft:jump":577,"minecraft:walk_on_water_one_cm":25389,"minecraft:total_world_time":222830,"minecraft:interact_with_furnace":13,"minecraft:sleep_in_bed":1,"minecraft:time_since_rest":10583,"minecraft:damage_taken":632,"minecraft:damage_dealt":30,"minecraft:swim_one_cm":2077,"minecraft:fly_one_cm":54459,"minecraft:player_kills":1,"minecraft:open_chest":135,"minecraft:crouch_one_cm":39654,"minecraft:fall_one_cm":51111}},"DataVersion":3465}