{"stats":{"minecraft:killed_by":{"minecraft:player":3},"minecraft:mined":{"minecraft:grass_block":1,"minecraft:spruce_leaves":75,"pamhc2trees:pamspiderweb":3,"minecraft:spruce_sapling":6,"minecraft:carrots":9,"minecraft:red_sandstone":1,"minecraft:stripped_spruce_log":3,"minecraft:potatoes":5,"minecraft:cobblestone_slab":1,"ironchest:iron_chest":1,"minecraft:stone":1,"minecraft:bamboo_sapling":2,"minecraft:bamboo":22,"minecraft:podzol":1,"minecraft:stone_slab":1,"minecraft:cobblestone":2,"minecraft:sugar_cane":20,"minecraft:oak_planks":7,"ironchest:dirt_chest":1,"quark:paper_wall":1,"minecraft:spruce_log":254,"minecraft:oak_log":51,"minecraft:gravel":1,"minecraft:dirt":5,"minecraft:oak_leaves":33},"minecraft:dropped":{"minecraft:oak_slab":1,"minecraft:oak_log":5,"minecraft:diamond":1,"minecraft:red_sandstone":2,"exdeorum:zinc_ore_chunk":1,"minecraft:mangrove_propagule":1,"minecraft:glow_berries":1,"exdeorum:golden_mesh":1,"exdeorum:iron_mesh":1,"minecraft:stick":1,"minecraft:emerald":1,"minecraft:dead_bush":2,"minecraft:jungle_sapling":3,"pamhc2trees:spiderweb_sapling":1,"tconstruct:flint_shuriken":16,"projecte:philosophers_stone":4,"ad_astra:ice_shard":1,"minecraft:cactus":7,"minecraft:string":23,"exdeorum:stone_pebble":1,"minecraft:lily_pad":1,"exdeorum:diamond_mesh":1,"exdeorum:string_mesh":1,"minecraft:obsidian":30,"exdeorum:flint_mesh":1,"minecraft:glow_lichen":1,"minecraft:stone":31,"kubejs:algal_brick":48,"minecraft:acacia_sapling":4,"minecraft:small_dripleaf":1,"minecraft:bamboo":3,"minecraft:written_book":1,"createaddition:zinc_sheet":1},"minecraft:picked_up":{"minecraft:wooden_axe":1,"exdeorum:mycelium_spores":2,"minecraft:stone_slab":1,"exdeorum:grass_seeds":1,"minecraft:string":22,"exdeorum:granite_pebble":26,"exdeorum:zinc_ore_chunk":73,"minecraft:cobblestone_slab":4,"minecraft:jungle_sapling":3,"minecraft:azalea":1,"minecraft:sugar_cane":25,"minecraft:birch_sapling":3,"ironchest:dirt_chest":1,"minecraft:stick":34,"minecraft:stone":1,"ironchest:iron_chest":1,"tombstone:grave_dust":1,"minecraft:carrot":47,"minecraft:redstone":3,"minecraft:cactus":11,"exdeorum:diorite_pebble":29,"minecraft:beetroot_seeds":3,"exdeorum:andesite_pebble":27,"minecraft:glow_berries":1,"minecraft:obsidian":65,"minecraft:cobblestone":8,"minecraft:pink_petals":1,"minecraft:water_bucket":1,"kubejs:algal_brick":48,"minecraft:potato":38,"minecraft:flint":5,"minecraft:oak_log":50,"minecraft:lily_pad":2,"minecraft:dirt":68,"minecraft:red_sandstone":2,"minecraft:wheat_seeds":6,"minecraft:small_dripleaf":4,"exdeorum:stone_pebble":27,"projecte:philosophers_stone":1,"minecraft:bamboo":167,"minecraft:acacia_sapling":4,"minecraft:oak_planks":6,"minecraft:flowering_azalea":1,"minecraft:green_dye":2,"minecraft:sweet_berries":2,"minecraft:poisonous_potato":2,"minecraft:gravel":1,"minecraft:amethyst_shard":6,"minecraft:stripped_spruce_log":2,"minecraft:spruce_sapling":63,"minecraft:dead_bush":2,"minecraft:spruce_log":255,"createaddition:zinc_sheet":1,"minecraft:pumpkin_seeds":3,"minecraft:diamond":1,"quark:paper_wall":1,"minecraft:bone_meal":2,"minecraft:cherry_sapling":1,"minecraft:emerald":1,"minecraft:oak_sapling":14,"minecraft:melon_seeds":4,"minecraft:mangrove_propagule":3},"minecraft:broken":{"minecraft:stone_axe":1,"minecraft:wooden_hoe":1},"minecraft:used":{"minecraft:azalea":1,"ironchest:wood_to_iron_chest_upgrade":4,"minecraft:cherry_sapling":1,"minecraft:red_sand":64,"minecraft:chest":2,"minecraft:stone":19,"minecraft:stone_hoe":6,"minecraft:torch":8,"minecraft:dirt":170,"minecraft:carrot":59,"ironchest:iron_chest":1,"minecraft:obsidian":1,"minecraft:small_dripleaf":3,"minecraft:flowering_azalea":1,"minecraft:iron_axe":46,"minecraft:birch_sapling":2,"minecraft:melon_seeds":6,"minecraft:bamboo":12,"tconstruct:flint_shuriken":17,"minecraft:written_book":2,"minecraft:sweet_berries":2,"minecraft:oak_sapling":3,"minecraft:furnace":1,"tombstone:gift":3,"minecraft:potato":10,"pamhc2trees:spiderweb_sapling":2,"minecraft:wheat_seeds":4,"minecraft:water_bucket":8,"ironchest:dirt_chest":2,"minecraft:baked_potato":9,"minecraft:oak_planks":33,"minecraft:lily_pad":1,"minecraft:wooden_pickaxe":2,"minecraft:sandstone":1,"minecraft:composter":1,"minecraft:sugar_cane":18,"minecraft:cobblestone_slab":4,"minecraft:cookie":1,"minecraft:oak_slab":1,"minecraft:white_bed":1,"minecraft:spruce_log":5,"quark:paper_wall":19,"minecraft:wooden_hoe":41,"minecraft:mangrove_propagule":2,"minecraft:iron_pickaxe":6,"minecraft:stone_slab":248,"ironchest:iron_to_gold_chest_upgrade":1,"minecraft:gravel":1,"minecraft:spruce_sapling":53,"minecraft:stone_axe":240,"minecraft:pink_petals":2,"projecte:philosophers_stone":142,"minecraft:poisonous_potato":2,"minecraft:bucket":6,"minecraft:bone_meal":18},"minecraft:crafted":{"minecraft:oak_planks":132,"minecraft:furnace":1,"minecraft:stone":9,"ironchest:dirt_chest":2,"miniutilities:stone_opinium_core":54,"minecraft:granite":6,"minecraft:bamboo_block":1,"minecraft:iron_axe":1,"minecraft:stone_pickaxe":2,"minecraft:chest":4,"minecraft:stone_hoe":1,"tconstruct:flint_shuriken":32,"quark:paper_wall":8,"minecraft:sugar":2,"minecraft:oak_slab":6,"ironchest:wood_to_iron_chest_upgrade":4,"minecraft:spruce_planks":79,"minecraft:wooden_pickaxe":3,"minecraft:baked_potato":9,"minecraft:dirt":13,"miniutilities:iron_opinium_core":7,"minecraft:stone_axe":4,"minecraft:air":1063,"minecraft:diorite":7,"compressium:dirt_1":7,"ironchest:iron_to_gold_chest_upgrade":1,"miniutilities:wooden_opinium_core":141,"minecraft:white_wool":3,"minecraft:wooden_hoe":1,"minecraft:paper":5,"minecraft:charcoal":3,"minecraft:stick":12,"minecraft:stone_slab":180,"create:raw_zinc":1,"minecraft:iron_pickaxe":2,"minecraft:wooden_axe":4,"minecraft:white_bed":1,"minecraft:andesite":6,"minecraft:composter":1,"create:zinc_ingot":1},"minecraft:custom":{"minecraft:interact_with_smithing_table":5,"minecraft:interact_with_crafting_table":83,"minecraft:leave_game":1,"minecraft:time_since_death":71296,"minecraft:sprint_one_cm":246570,"minecraft:walk_one_cm":429841,"minecraft:drop":73,"minecraft:play_time":216218,"minecraft:deaths":3,"minecraft:sneak_time":17522,"minecraft:walk_under_water_one_cm":286,"minecraft:jump":774,"minecraft:walk_on_water_one_cm":3467,"minecraft:total_world_time":216218,"minecraft:interact_with_furnace":32,"minecraft:sleep_in_bed":1,"minecraft:time_since_rest":71318,"minecraft:damage_taken":1354,"minecraft:damage_absorbed":3,"minecraft:damage_dealt":65,"minecraft:fly_one_cm":65778,"minecraft:open_chest":434,"minecraft:crouch_one_cm":49939,"minecraft:fall_one_cm":87105}},"DataVersion":3465}