{
  "minecraft:recipes/decorations/crafting_table": {
    "criteria": {
      "unlock_right_away": "2025-06-15 22:31:48 +0300"
    },
    "done": true
  },
  "mekanism:root": {
    "criteria": {
      "automatic": "2025-06-15 22:31:48 +0300"
    },
    "done": true
  },
  "lootr:root": {
    "criteria": {
      "always_true": "2025-06-15 22:31:48 +0300"
    },
    "done": true
  },
  "tombstone:adventure/root": {
    "criteria": {
      "auto": "2025-06-15 22:31:49 +0300"
    },
    "done": true
  },
  "minecraft:adventure/adventuring_time": {
    "criteria": {
      "minecraft:ocean": "2025-06-15 22:31:49 +0300"
    },
    "done": false
  },
  "create:root": {
    "criteria": {
      "0": "2025-06-15 22:32:17 +0300"
    },
    "done": true
  },
  "ae2wtlib:recipes/wireless_universal_terminal/upgrade_pattern_access": {
    "criteria": {
      "has_wit": "2025-06-15 22:32:17 +0300"
    },
    "done": true
  },
  "solcarrot:recipes/food_book": {
    "criteria": {
      "has_book": "2025-06-15 22:32:17 +0300",
      "has_carrot": "2025-06-15 22:32:17 +0300"
    },
    "done": true
  },
  "ae2wtlib:recipes/wireless_universal_terminal/upgrade_crafting": {
    "criteria": {
      "has_wct": "2025-06-15 22:32:17 +0300"
    },
    "done": true
  },
  "ae2wtlib:recipes/wireless_pattern_access_terminal": {
    "criteria": {
      "has_wt": "2025-06-15 22:32:17 +0300"
    },
    "done": true
  },
  "ae2wtlib:recipes/wireless_pattern_encoding_terminal": {
    "criteria": {
      "has_wt": "2025-06-15 22:32:17 +0300"
    },
    "done": true
  },
  "ironfurnaces:coal": {
    "criteria": {
      "rainbowcoal": "2025-06-15 22:32:17 +0300"
    },
    "done": true
  },
  "projecte:recipes/decorations/transmutation_table": {
    "criteria": {
      "has_philo_stone": "2025-06-15 22:32:17 +0300"
    },
    "done": true
  },
  "ae2wtlib:recipes/magnet_card": {
    "criteria": {
      "has_wct": "2025-06-15 22:32:17 +0300"
    },
    "done": true
  },
  "ae2wtlib:recipes/wireless_universal_terminal/upgrade_pattern_encoding": {
    "criteria": {
      "has_wpt": "2025-06-15 22:32:17 +0300"
    },
    "done": true
  },
  "ae2wtlib:recipes/wireless_universal_terminal/ce": {
    "criteria": {
      "has_wpt": "2025-06-15 22:32:17 +0300",
      "has_wct": "2025-06-15 22:32:17 +0300"
    },
    "done": true
  },
  "ae2wtlib:recipes/wireless_universal_terminal/ca": {
    "criteria": {
      "has_wit": "2025-06-15 22:32:17 +0300",
      "has_wct": "2025-06-15 22:32:17 +0300"
    },
    "done": true
  },
  "ae2wtlib:recipes/wireless_universal_terminal/ae": {
    "criteria": {
      "has_wit": "2025-06-15 22:32:17 +0300",
      "has_wpt": "2025-06-15 22:32:17 +0300"
    },
    "done": true
  },
  "projecte:philosophers_stone": {
    "criteria": {
      "philosophers_stone": "2025-06-15 22:32:17 +0300"
    },
    "done": true
  },
  "ae2wtlib:recipes/quantum_bridge_card": {
    "criteria": {
      "has_wit": "2025-06-15 22:32:17 +0300",
      "has_wpt": "2025-06-15 22:32:17 +0300",
      "has_wct": "2025-06-15 22:32:17 +0300"
    },
    "done": true
  },
  "projectextended:recipes/decorations/interdiction_lantern": {
    "criteria": {
      "has_philo_stone": "2025-06-15 22:32:17 +0300"
    },
    "done": true
  },
  "create_connected:root": {
    "criteria": {
      "0": "2025-06-15 22:32:17 +0300"
    },
    "done": true
  },
  "projecte:recipes/decorations/interdiction_torch": {
    "criteria": {
      "has_philo_stone": "2025-06-15 22:32:17 +0300"
    },
    "done": true
  },
  "exdeorum:recipes/misc/cobblestone": {
    "criteria": {
      "has_item": "2025-06-15 22:34:28 +0300"
    },
    "done": true
  },
  "minecraft:recipes/building_blocks/stone_stairs_from_stone_stonecutting": {
    "criteria": {
      "has_stone": "2025-06-15 22:34:54 +0300"
    },
    "done": true
  },
  "minecraft:recipes/building_blocks/stone_stairs": {
    "criteria": {
      "has_stone": "2025-06-15 22:34:54 +0300"
    },
    "done": true
  },
  "minecraft:recipes/decorations/stonecutter": {
    "criteria": {
      "has_stone": "2025-06-15 22:34:54 +0300"
    },
    "done": true
  },
  "compressium:recipes/building_blocks/stone_1": {
    "criteria": {
      "has_stone": "2025-06-15 22:34:54 +0300"
    },
    "done": true
  },
  "minecraft:recipes/decorations/stone_brick_walls_from_stone_stonecutting": {
    "criteria": {
      "has_stone": "2025-06-15 22:34:54 +0300"
    },
    "done": true
  },
  "minecraft:recipes/building_blocks/stone_brick_slab_from_stone_stonecutting": {
    "criteria": {
      "has_stone": "2025-06-15 22:34:54 +0300"
    },
    "done": true
  },
  "minecraft:recipes/building_blocks/stone_brick_stairs_from_stone_stonecutting": {
    "criteria": {
      "has_stone": "2025-06-15 22:34:54 +0300"
    },
    "done": true
  },
  "minecraft:recipes/building_blocks/stone_slab_from_stone_stonecutting": {
    "criteria": {
      "has_stone": "2025-06-15 22:34:54 +0300"
    },
    "done": true
  },
  "minecraft:recipes/building_blocks/stone_bricks": {
    "criteria": {
      "has_stone": "2025-06-15 22:34:54 +0300"
    },
    "done": true
  },
  "minecraft:recipes/building_blocks/stone_bricks_from_stone_stonecutting": {
    "criteria": {
      "has_stone": "2025-06-15 22:34:54 +0300"
    },
    "done": true
  },
  "minecraft:recipes/building_blocks/stone_slab": {
    "criteria": {
      "has_stone": "2025-06-15 22:34:54 +0300"
    },
    "done": true
  },
  "minecraft:recipes/redstone/stone_button": {
    "criteria": {
      "has_stone": "2025-06-15 22:34:54 +0300"
    },
    "done": true
  },
  "minecraft:recipes/redstone/stone_pressure_plate": {
    "criteria": {
      "has_stone": "2025-06-15 22:34:54 +0300"
    },
    "done": true
  },
  "minecraft:recipes/building_blocks/smooth_stone": {
    "criteria": {
      "has_stone": "2025-06-15 22:34:54 +0300"
    },
    "done": true
  },
  "minecraft:recipes/building_blocks/chiseled_stone_bricks_stone_from_stonecutting": {
    "criteria": {
      "has_stone": "2025-06-15 22:34:54 +0300"
    },
    "done": true
  },
  "minecraft:recipes/combat/leather_helmet": {
    "criteria": {
      "has_leather": "2025-06-16 00:43:13 +0300"
    },
    "done": true
  },
  "minecraft:recipes/decorations/ladder": {
    "criteria": {
      "has_stick": "2025-06-15 22:49:20 +0300"
    },
    "done": true
  },
  "industrialrenewal:recipes/misc/brace": {
    "criteria": {
      "has_item": "2025-06-16 00:38:53 +0300"
    },
    "done": true
  },
  "exdeorum:recipes/misc/iron_mesh": {
    "criteria": {
      "has_item": "2025-06-16 00:38:53 +0300"
    },
    "done": true
  },
  "create:recipes/misc/crafting/kinetics/chute": {
    "criteria": {
      "has_item": "2025-06-15 23:30:40 +0300"
    },
    "done": true
  },
  "miniutilities:recipes/misc/ender_pearl_block": {
    "criteria": {
      "has_item": "2025-06-15 22:54:05 +0300"
    },
    "done": true
  },
  "deeperdarker:recipes/transportation/echo_boat": {
    "criteria": {
      "in_water": "2025-06-15 23:35:03 +0300"
    },
    "done": true
  },
  "miniutilities:recipes/misc/destruction_pickaxe": {
    "criteria": {
      "has_item": "2025-06-15 22:54:05 +0300"
    },
    "done": true
  },
  "tconstruct:recipes/misc/tables/pattern": {
    "criteria": {
      "has_item": "2025-06-15 22:49:20 +0300"
    },
    "done": true
  },
  "industrialrenewal:recipes/misc/battery_lithium": {
    "criteria": {
      "has_item": "2025-06-16 00:38:53 +0300"
    },
    "done": true
  },
  "industrialrenewal:recipes/misc/steam_boiler": {
    "criteria": {
      "has_item": "2025-06-16 00:38:53 +0300"
    },
    "done": true
  },
  "create:recipes/misc/crafting/kinetics/package_filter": {
    "criteria": {
      "has_item": "2025-06-15 23:22:50 +0300"
    },
    "done": true
  },
  "create:recipes/misc/crafting/kinetics/gantry_shaft": {
    "criteria": {
      "has_item": "2025-06-15 23:30:40 +0300"
    },
    "done": true
  },
  "create:recipes/building_blocks/polished_cut_andesite_stairs_from_stone_types_andesite_stonecutting": {
    "criteria": {
      "has_stone_types_andesite": "2025-06-15 22:59:43 +0300"
    },
    "done": true
  },
  "industrialrenewal:recipes/misc/catwalk_pillar": {
    "criteria": {
      "has_item": "2025-06-16 00:38:53 +0300"
    },
    "done": true
  },
  "create:recipes/misc/crafting/kinetics/rope_pulley": {
    "criteria": {
      "has_item": "2025-06-15 23:30:40 +0300"
    },
    "done": true
  },
  "exdeorum:recipes/building_blocks/compressed_dust": {
    "criteria": {
      "has_item": "2025-06-15 23:02:14 +0300"
    },
    "done": true
  },
  "ironchest:recipes/decorations/upgrades/wood_to_iron_chest_upgrade": {
    "criteria": {
      "has_iron_ingot": "2025-06-16 00:38:53 +0300"
    },
    "done": true
  },
  "minecraft:recipes/combat/diamond_sword": {
    "criteria": {
      "has_diamond": "2025-06-16 00:45:16 +0300"
    },
    "done": true
  },
  "minecraft:recipes/decorations/jukebox": {
    "criteria": {
      "has_diamond": "2025-06-16 00:45:16 +0300"
    },
    "done": true
  },
  "minecraft:recipes/misc/gold_nugget": {
    "criteria": {
      "has_gold_ingot": "2025-06-16 00:39:55 +0300"
    },
    "done": true
  },
  "ironchest:recipes/decorations/chests/diamond_obsidian_chest": {
    "criteria": {
      "has_obsidian": "2025-06-16 01:28:59 +0300"
    },
    "done": true
  },
  "miniutilities:recipes/misc/gold_angel_ring": {
    "criteria": {
      "has_item": "2025-06-15 22:54:05 +0300"
    },
    "done": true
  },
  "constructionwand:recipes/tools/stone_wand": {
    "criteria": {
      "has_item": "2025-06-15 22:54:05 +0300"
    },
    "done": true
  },
  "minecraft:recipes/combat/iron_helmet": {
    "criteria": {
      "has_iron_ingot": "2025-06-16 00:38:53 +0300"
    },
    "done": true
  },
  "minecraft:recipes/tools/golden_shovel": {
    "criteria": {
      "has_gold_ingot": "2025-06-16 00:39:55 +0300"
    },
    "done": true
  },
  "industrialrenewal:recipes/misc/small_wind_turbine": {
    "criteria": {
      "has_item": "2025-06-16 00:38:53 +0300"
    },
    "done": true
  },
  "minecraft:recipes/food/golden_apple": {
    "criteria": {
      "has_gold_ingot": "2025-06-16 00:39:55 +0300"
    },
    "done": true
  },
  "deeperdarker:recipes/transportation/bloom_boat": {
    "criteria": {
      "in_water": "2025-06-15 23:35:03 +0300"
    },
    "done": true
  },
  "minecraft:recipes/decorations/sandstone_wall_from_sandstone_stonecutting": {
    "criteria": {
      "has_sandstone": "2025-06-15 22:40:39 +0300"
    },
    "done": true
  },
  "minecraft:recipes/combat/golden_boots": {
    "criteria": {
      "has_gold_ingot": "2025-06-16 00:39:55 +0300"
    },
    "done": true
  },
  "minecraft:recipes/tools/wooden_axe": {
    "criteria": {
      "has_stick": "2025-06-15 22:49:20 +0300"
    },
    "done": true
  },
  "minecraft:recipes/building_blocks/cut_sandstone": {
    "criteria": {
      "has_sandstone": "2025-06-15 22:40:39 +0300"
    },
    "done": true
  },
  "minecraft:recipes/combat/leather_chestplate": {
    "criteria": {
      "has_leather": "2025-06-16 00:43:13 +0300"
    },
    "done": true
  },
  "industrialrenewal:recipes/misc/drill_diamond": {
    "criteria": {
      "has_item": "2025-06-16 00:38:53 +0300"
    },
    "done": true
  },
  "create_connected:recipes/crafting/palettes/copycat_stairs": {
    "criteria": {
      "has_item": "2025-06-15 23:22:50 +0300"
    },
    "done": true
  },
  "ironchest:recipes/decorations/chests/copper_iron_chest": {
    "criteria": {
      "has_iron_ingot": "2025-06-16 00:38:53 +0300"
    },
    "done": true
  },
  "minecraft:recipes/decorations/chest": {
    "criteria": {
      "has_lots_of_items": "2025-06-15 22:41:21 +0300"
    },
    "done": true
  },
  "miniutilities:recipes/misc/lime_lapis_caelestis": {
    "criteria": {
      "has_item": "2025-06-15 22:54:05 +0300"
    },
    "done": true
  },
  "minecraft:recipes/misc/stick": {
    "criteria": {
      "has_planks": "2025-06-15 22:53:01 +0300"
    },
    "done": true
  },
  "minecraft:recipes/transportation/cherry_boat": {
    "criteria": {
      "in_water": "2025-06-15 23:35:03 +0300"
    },
    "done": true
  },
  "minecraft:recipes/tools/diamond_pickaxe": {
    "criteria": {
      "has_diamond": "2025-06-16 00:45:16 +0300"
    },
    "done": true
  },
  "industrialrenewal:recipes/misc/ind_battery_bank": {
    "criteria": {
      "has_item": "2025-06-16 00:38:53 +0300"
    },
    "done": true
  },
  "create:recipes/misc/crafting/kinetics/gearbox": {
    "criteria": {
      "has_item": "2025-06-15 23:38:11 +0300"
    },
    "done": true
  },
  "miniutilities:recipes/misc/etheric_sword": {
    "criteria": {
      "has_item": "2025-06-15 22:54:05 +0300"
    },
    "done": true
  },
  "industrialrenewal:recipes/misc/solar_panel": {
    "criteria": {
      "has_item": "2025-06-16 00:38:53 +0300"
    },
    "done": true
  },
  "minecraft:recipes/combat/golden_chestplate": {
    "criteria": {
      "has_gold_ingot": "2025-06-16 00:39:55 +0300"
    },
    "done": true
  },
  "tconstruct:recipes/combat/gadgets/shuriken/flint_shuriken": {
    "criteria": {
      "has_item": "2025-06-15 22:42:56 +0300"
    },
    "done": true
  },
  "minecraft:recipes/building_blocks/clay": {
    "criteria": {
      "has_clay_ball": "2025-06-15 23:18:05 +0300"
    },
    "done": true
  },
  "minecraft:recipes/redstone/tripwire_hook": {
    "criteria": {
      "has_string": "2025-06-15 22:46:30 +0300"
    },
    "done": true
  },
  "create:recipes/misc/crafting/kinetics/wooden_bracket": {
    "criteria": {
      "has_item": "2025-06-15 23:30:40 +0300"
    },
    "done": true
  },
  "create:recipes/misc/smelting/zinc_ingot_from_raw_ore": {
    "criteria": {
      "has_item": "2025-06-15 22:59:00 +0300"
    },
    "done": true
  },
  "miniutilities:recipes/misc/infused_leggings": {
    "criteria": {
      "has_item": "2025-06-15 22:54:05 +0300"
    },
    "done": true
  },
  "miniutilities:recipes/misc/emerald_opinium_core": {
    "criteria": {
      "has_item": "2025-06-15 22:54:05 +0300"
    },
    "done": true
  },
  "create:recipes/misc/crafting/materials/andesite_alloy": {
    "criteria": {
      "has_item": "2025-06-16 00:38:53 +0300"
    },
    "done": true
  },
  "minecraft:recipes/decorations/candle": {
    "criteria": {
      "has_string": "2025-06-15 22:46:30 +0300"
    },
    "done": true
  },
  "minecraft:recipes/decorations/oak_hanging_sign": {
    "criteria": {
      "has_stripped_logs": "2025-06-16 00:07:02 +0300"
    },
    "done": true
  },
  "minecraft:recipes/misc/leather_horse_armor": {
    "criteria": {
      "has_leather": "2025-06-16 00:43:13 +0300"
    },
    "done": true
  },
  "minecraft:recipes/tools/diamond_hoe": {
    "criteria": {
      "has_diamond": "2025-06-16 00:45:16 +0300"
    },
    "done": true
  },
  "industrialrenewal:recipes/misc/drill_steel": {
    "criteria": {
      "has_item": "2025-06-16 00:38:53 +0300"
    },
    "done": true
  },
  "miniutilities:recipes/misc/gold_opinium_core": {
    "criteria": {
      "has_item": "2025-06-15 22:54:05 +0300"
    },
    "done": true
  },
  "create:recipes/misc/crafting/kinetics/belt_connector": {
    "criteria": {
      "has_item": "2025-06-15 23:30:40 +0300"
    },
    "done": true
  },
  "mining_dimension:recipes/decorations/teleporter": {
    "criteria": {
      "has_log": "2025-06-15 22:40:08 +0300"
    },
    "done": true
  },
  "miniutilities:recipes/misc/magenta_lapis_caelestis": {
    "criteria": {
      "has_item": "2025-06-15 22:54:05 +0300"
    },
    "done": true
  },
  "miniutilities:recipes/misc/stone_drum": {
    "criteria": {
      "has_item": "2025-06-15 22:54:05 +0300"
    },
    "done": true
  },
  "tconstruct:recipes/decorations/common/iron_platform": {
    "criteria": {
      "has_bars": "2025-06-16 00:38:53 +0300"
    },
    "done": true
  },
  "miniutilities:recipes/misc/dark_glass": {
    "criteria": {
      "has_item": "2025-06-15 22:54:05 +0300"
    },
    "done": true
  },
  "create_connected:recipes/crafting/palettes/copycat_vertical_step": {
    "criteria": {
      "has_item": "2025-06-15 23:22:50 +0300"
    },
    "done": true
  },
  "minecraft:recipes/building_blocks/stripped_spruce_wood": {
    "criteria": {
      "has_log": "2025-06-16 00:54:49 +0300"
    },
    "done": true
  },
  "minecraft:recipes/building_blocks/lime_concrete_powder": {
    "criteria": {
      "has_sand": "2025-06-15 23:02:03 +0300"
    },
    "done": true
  },
  "miniutilities:recipes/misc/peacock_angel_ring": {
    "criteria": {
      "has_item": "2025-06-15 22:54:05 +0300"
    },
    "done": true
  },
  "framedblocks:recipes/building_blocks/framed_cube": {
    "criteria": {
      "hasPlanks": "2025-06-15 22:53:01 +0300"
    },
    "done": true
  },
  "minecraft:recipes/redstone/hopper": {
    "criteria": {
      "has_iron_ingot": "2025-06-16 00:38:53 +0300"
    },
    "done": true
  },
  "create:recipes/misc/crafting/materials/zinc_ingot_from_compacting": {
    "criteria": {
      "has_item": "2025-06-15 23:30:31 +0300"
    },
    "done": true
  },
  "create:recipes/building_blocks/small_andesite_brick_stairs_from_stone_types_andesite_stonecutting": {
    "criteria": {
      "has_stone_types_andesite": "2025-06-15 22:59:43 +0300"
    },
    "done": true
  },
  "minecraft:recipes/redstone/comparator": {
    "criteria": {
      "has_quartz": "2025-06-16 01:00:04 +0300"
    },
    "done": true
  },
  "create:recipes/misc/crafting/appliances/tree_fertilizer": {
    "criteria": {
      "has_item": "2025-06-15 23:22:58 +0300"
    },
    "done": true
  },
  "trashcans:recipes/misc/liquid_trash_can": {
    "criteria": {
      "recipe_condition": "2025-06-15 23:02:20 +0300"
    },
    "done": true
  },
  "minecraft:story/lava_bucket": {
    "criteria": {
      "lava_bucket": "2025-06-16 00:02:08 +0300"
    },
    "done": true
  },
  "miniutilities:recipes/misc/golden_lasso": {
    "criteria": {
      "has_item": "2025-06-15 22:54:05 +0300"
    },
    "done": true
  },
  "create_connected:recipes/crafting/palettes/copycat_wall": {
    "criteria": {
      "has_item": "2025-06-15 23:22:50 +0300"
    },
    "done": true
  },
  "minecraft:recipes/building_blocks/oak_slab": {
    "criteria": {
      "has_planks": "2025-06-15 22:53:01 +0300"
    },
    "done": true
  },
  "create:recipes/misc/crafting/curiosities/minecart_coupling": {
    "criteria": {
      "has_item": "2025-06-15 23:30:40 +0300"
    },
    "done": true
  },
  "miniutilities:recipes/misc/the_final_opinium_core": {
    "criteria": {
      "has_item": "2025-06-15 22:54:05 +0300"
    },
    "done": true
  },
  "miniutilities:recipes/misc/experience_opinium_core": {
    "criteria": {
      "has_item": "2025-06-15 22:54:05 +0300"
    },
    "done": true
  },
  "minecraft:recipes/combat/iron_boots": {
    "criteria": {
      "has_iron_ingot": "2025-06-16 00:38:53 +0300"
    },
    "done": true
  },
  "miniutilities:recipes/misc/blursed_earth": {
    "criteria": {
      "has_item": "2025-06-15 22:54:05 +0300"
    },
    "done": true
  },
  "enderio:recipes/misc/stone_gear": {
    "criteria": {
      "has_ingredient": "2025-06-15 22:54:05 +0300"
    },
    "done": true
  },
  "industrialrenewal:recipes/building_blocks/aisle_hazard": {
    "criteria": {
      "has_item": "2025-06-16 00:38:53 +0300"
    },
    "done": true
  },
  "minecraft:recipes/building_blocks/magenta_concrete_powder": {
    "criteria": {
      "has_sand": "2025-06-15 23:02:03 +0300"
    },
    "done": true
  },
  "minecraft:recipes/building_blocks/cut_sandstone_from_sandstone_stonecutting": {
    "criteria": {
      "has_sandstone": "2025-06-15 22:40:39 +0300"
    },
    "done": true
  },
  "minecraft:recipes/decorations/campfire": {
    "criteria": {
      "has_stick": "2025-06-15 22:49:20 +0300"
    },
    "done": true
  },
  "minecraft:recipes/building_blocks/terracotta": {
    "criteria": {
      "has_clay_block": "2025-06-15 23:17:50 +0300"
    },
    "done": true
  },
  "minecraft:recipes/building_blocks/chiseled_sandstone_from_sandstone_stonecutting": {
    "criteria": {
      "has_sandstone": "2025-06-15 22:40:39 +0300"
    },
    "done": true
  },
  "tombstone:adventure/first_grave": {
    "criteria": {
      "coded_trigger": "2025-06-16 00:31:42 +0300"
    },
    "done": true
  },
  "create:recipes/misc/crafting/kinetics/metal_girder": {
    "criteria": {
      "has_item": "2025-06-15 23:30:40 +0300"
    },
    "done": true
  },
  "constructionwand:recipes/tools/diamond_wand": {
    "criteria": {
      "has_item": "2025-06-16 00:45:16 +0300"
    },
    "done": true
  },
  "enderio:recipes/misc/basic_fluid_filter": {
    "criteria": {
      "has_ingredient": "2025-06-15 23:02:20 +0300"
    },
    "done": true
  },
  "miniutilities:recipes/misc/unstable_leggings": {
    "criteria": {
      "has_item": "2025-06-15 22:54:05 +0300"
    },
    "done": true
  },
  "create_connected:recipes/crafting/palettes/copycat_beam": {
    "criteria": {
      "has_item": "2025-06-15 23:22:50 +0300"
    },
    "done": true
  },
  "ironchest:recipes/decorations/chests/iron_gold_chest": {
    "criteria": {
      "has_gold_ingot": "2025-06-16 00:39:55 +0300"
    },
    "done": true
  },
  "industrialrenewal:recipes/building_blocks/concrete": {
    "criteria": {
      "has_item": "2025-06-15 22:38:38 +0300"
    },
    "done": true
  },
  "buildinggadgets2:recipes/misc/gadget_destruction": {
    "criteria": {
      "has_ender_pearl": "2025-06-16 00:45:22 +0300"
    },
    "done": true
  },
  "minecraft:recipes/building_blocks/sandstone_slab_from_sandstone_stonecutting": {
    "criteria": {
      "has_sandstone": "2025-06-15 22:40:39 +0300"
    },
    "done": true
  },
  "miniutilities:recipes/misc/precision_shears": {
    "criteria": {
      "has_item": "2025-06-15 22:54:05 +0300"
    },
    "done": true
  },
  "pureemeraldtools:adv_give_emerald_recipes": {
    "criteria": {
      "adv_give_emerald_recipes": "2025-06-16 00:45:16 +0300"
    },
    "done": true
  },
  "compressium:recipes/building_blocks/redsand_1": {
    "criteria": {
      "has_redsand": "2025-06-15 22:38:38 +0300"
    },
    "done": true
  },
  "minecraft:recipes/redstone/oak_door": {
    "criteria": {
      "has_planks": "2025-06-15 22:53:01 +0300"
    },
    "done": true
  },
  "create:recipes/building_blocks/copycat_panel_from_ingots_zinc_stonecutting": {
    "criteria": {
      "has_ingots_zinc": "2025-06-15 23:22:50 +0300"
    },
    "done": true
  },
  "exdeorum:recipes/misc/diamond_mesh": {
    "criteria": {
      "has_item": "2025-06-16 00:45:16 +0300"
    },
    "done": true
  },
  "xnet:recipes/xnet/connector_upgrade": {
    "criteria": {
      "pearl": "2025-06-16 00:45:22 +0300"
    },
    "done": true
  },
  "cobblefordays:recipes/misc/tier_3": {
    "criteria": {
      "has_lava": "2025-06-16 00:02:08 +0300"
    },
    "done": true
  },
  "cobblefordays:recipes/misc/tier_4": {
    "criteria": {
      "has_lava": "2025-06-16 00:02:08 +0300"
    },
    "done": true
  },
  "cobblefordays:recipes/misc/tier_5": {
    "criteria": {
      "has_lava": "2025-06-16 00:02:08 +0300"
    },
    "done": true
  },
  "cobblefordays:recipes/misc/tier_1": {
    "criteria": {
      "has_lava": "2025-06-16 00:02:08 +0300"
    },
    "done": true
  },
  "cobblefordays:recipes/misc/tier_2": {
    "criteria": {
      "has_lava": "2025-06-16 00:02:08 +0300"
    },
    "done": true
  },
  "projecte:recipes/misc/conversions/iron_ingot_to_ender_pearl": {
    "criteria": {
      "has_iron_ingot": "2025-06-16 00:38:53 +0300"
    },
    "done": true
  },
  "minecraft:recipes/combat/golden_sword": {
    "criteria": {
      "has_gold_ingot": "2025-06-16 00:39:55 +0300"
    },
    "done": true
  },
  "industrialrenewal:recipes/misc/battery": {
    "criteria": {
      "has_item": "2025-06-16 00:38:53 +0300"
    },
    "done": true
  },
  "create:recipes/building_blocks/polished_cut_andesite_from_stone_types_andesite_stonecutting": {
    "criteria": {
      "has_stone_types_andesite": "2025-06-15 22:59:43 +0300"
    },
    "done": true
  },
  "miniutilities:recipes/misc/unpack8x": {
    "criteria": {
      "has_item": "2025-06-15 22:54:05 +0300"
    },
    "done": true
  },
  "minecraft:recipes/building_blocks/cobblestone_slab": {
    "criteria": {
      "has_cobblestone": "2025-06-15 22:54:05 +0300"
    },
    "done": true
  },
  "minecraft:recipes/misc/brick": {
    "criteria": {
      "has_clay_ball": "2025-06-15 23:18:05 +0300"
    },
    "done": true
  },
  "ironchest:recipes/decorations/chests/vanilla_iron_chest": {
    "criteria": {
      "has_iron_ingot": "2025-06-16 00:38:53 +0300"
    },
    "done": true
  },
  "minecraft:recipes/building_blocks/gold_block": {
    "criteria": {
      "has_gold_ingot": "2025-06-16 00:39:55 +0300"
    },
    "done": true
  },
  "miniutilities:recipes/misc/unpack6x": {
    "criteria": {
      "has_item": "2025-06-15 22:54:05 +0300"
    },
    "done": true
  },
  "exdeorum:recipes/tools/crook": {
    "criteria": {
      "has_item": "2025-06-15 22:49:20 +0300"
    },
    "done": true
  },
  "minecraft:recipes/transportation/acacia_boat": {
    "criteria": {
      "in_water": "2025-06-15 23:35:03 +0300"
    },
    "done": true
  },
  "miniutilities:recipes/misc/unpack7x": {
    "criteria": {
      "has_item": "2025-06-15 22:54:05 +0300"
    },
    "done": true
  },
  "minecraft:recipes/redstone/iron_trapdoor": {
    "criteria": {
      "has_iron_ingot": "2025-06-16 00:38:53 +0300"
    },
    "done": true
  },
  "miniutilities:recipes/misc/unpack4x": {
    "criteria": {
      "has_item": "2025-06-15 22:54:05 +0300"
    },
    "done": true
  },
  "tconstruct:recipes/decorations/gadgets/frame/diamond": {
    "criteria": {
      "has_item": "2025-06-16 00:45:16 +0300"
    },
    "done": true
  },
  "miniutilities:recipes/misc/unpack5x": {
    "criteria": {
      "has_item": "2025-06-15 22:54:05 +0300"
    },
    "done": true
  },
  "minecraft:recipes/combat/wooden_sword": {
    "criteria": {
      "has_stick": "2025-06-15 22:49:20 +0300"
    },
    "done": true
  },
  "minecraft:recipes/building_blocks/oak_planks": {
    "criteria": {
      "has_logs": "2025-06-15 22:40:08 +0300"
    },
    "done": true
  },
  "miniutilities:recipes/misc/speed_upgrade": {
    "criteria": {
      "has_item": "2025-06-15 22:54:05 +0300"
    },
    "done": true
  },
  "minecraft:recipes/building_blocks/black_concrete_powder": {
    "criteria": {
      "has_sand": "2025-06-15 23:02:03 +0300"
    },
    "done": true
  },
  "tombstone:recipes/from_grave_dust": {
    "criteria": {
      "has_ingredient": "2025-06-16 00:38:41 +0300"
    },
    "done": true
  },
  "minecraft:recipes/combat/leather_boots": {
    "criteria": {
      "has_leather": "2025-06-16 00:43:13 +0300"
    },
    "done": true
  },
  "minecraft:recipes/decorations/cobblestone_wall_from_cobblestone_stonecutting": {
    "criteria": {
      "has_cobblestone": "2025-06-15 22:54:05 +0300"
    },
    "done": true
  },
  "minecraft:recipes/decorations/grindstone": {
    "criteria": {
      "has_stone_slab": "2025-06-15 22:41:19 +0300"
    },
    "done": true
  },
  "minecraft:recipes/building_blocks/diamond_block": {
    "criteria": {
      "has_diamond": "2025-06-16 00:45:16 +0300"
    },
    "done": true
  },
  "minecraft:recipes/building_blocks/stripped_oak_wood": {
    "criteria": {
      "has_log": "2025-06-16 00:07:02 +0300"
    },
    "done": true
  },
  "ironchest:recipes/decorations/chests/gold_diamond_chest": {
    "criteria": {
      "has_diamonds": "2025-06-16 00:45:16 +0300"
    },
    "done": true
  },
  "minecraft:recipes/building_blocks/polished_andesite_stairs_from_andesite_stonecutting": {
    "criteria": {
      "has_andesite": "2025-06-15 22:59:43 +0300"
    },
    "done": true
  },
  "create:recipes/building_blocks/weathered_iron_block_from_ingots_iron_stonecutting": {
    "criteria": {
      "has_ingots_iron": "2025-06-16 00:38:53 +0300"
    },
    "done": true
  },
  "minecraft:recipes/building_blocks/cobblestone_stairs": {
    "criteria": {
      "has_cobblestone": "2025-06-15 22:54:05 +0300"
    },
    "done": true
  },
  "exdeorum:recipes/misc/porcelain_clay_ball": {
    "criteria": {
      "has_item": "2025-06-15 23:18:05 +0300"
    },
    "done": true
  },
  "industrialrenewal:recipes/misc/industrial_floor": {
    "criteria": {
      "has_item": "2025-06-16 00:38:53 +0300"
    },
    "done": true
  },
  "tombstone:adventure/strong_or_careful": {
    "criteria": {
      "coded_trigger": "2025-06-16 00:31:42 +0300"
    },
    "done": true
  },
  "minecraft:recipes/building_blocks/cyan_concrete_powder": {
    "criteria": {
      "has_sand": "2025-06-15 23:02:03 +0300"
    },
    "done": true
  },
  "miniutilities:recipes/misc/unpack2x": {
    "criteria": {
      "has_item": "2025-06-15 22:54:05 +0300"
    },
    "done": true
  },
  "miniutilities:recipes/misc/unpack3x": {
    "criteria": {
      "has_item": "2025-06-15 22:54:05 +0300"
    },
    "done": true
  },
  "industrialrenewal:recipes/building_blocks/safety_hazard": {
    "criteria": {
      "has_item": "2025-06-16 00:38:53 +0300"
    },
    "done": true
  },
  "create:recipes/building_blocks/layered_andesite_from_stone_types_andesite_stonecutting": {
    "criteria": {
      "has_stone_types_andesite": "2025-06-15 22:59:43 +0300"
    },
    "done": true
  },
  "miniutilities:recipes/misc/unpack1x": {
    "criteria": {
      "has_item": "2025-06-15 22:54:05 +0300"
    },
    "done": true
  },
  "create_connected:recipes/crafting/palettes/copycat_fence_gate": {
    "criteria": {
      "has_item": "2025-06-15 23:22:50 +0300"
    },
    "done": true
  },
  "minecraft:recipes/misc/iron_ingot_from_nuggets": {
    "criteria": {
      "has_iron_nugget": "2025-06-16 00:33:52 +0300"
    },
    "done": true
  },
  "minecraft:recipes/transportation/jungle_boat": {
    "criteria": {
      "in_water": "2025-06-15 23:35:03 +0300"
    },
    "done": true
  },
  "minecraft:recipes/redstone/lever": {
    "criteria": {
      "has_cobblestone": "2025-06-15 22:54:05 +0300"
    },
    "done": true
  },
  "create:recipes/decorations/andesite_scaffolding_from_andesite_alloy_stonecutting": {
    "criteria": {
      "has_andesite_alloy": "2025-06-15 23:30:40 +0300"
    },
    "done": true
  },
  "exdeorum:recipes/misc/string_mesh": {
    "criteria": {
      "has_item": "2025-06-15 22:46:30 +0300"
    },
    "done": true
  },
  "minecraft:recipes/misc/pink_dye_from_pink_petals": {
    "criteria": {
      "has_pink_petals": "2025-06-15 22:57:58 +0300"
    },
    "done": true
  },
  "create:recipes/misc/crafting/kinetics/speedometer": {
    "criteria": {
      "has_item": "2025-06-15 23:30:40 +0300"
    },
    "done": true
  },
  "minecraft:recipes/building_blocks/pink_concrete_powder": {
    "criteria": {
      "has_sand": "2025-06-15 23:02:03 +0300"
    },
    "done": true
  },
  "minecraft:recipes/building_blocks/sandstone_slab": {
    "criteria": {
      "has_sandstone": "2025-06-15 22:40:39 +0300"
    },
    "done": true
  },
  "miniutilities:recipes/misc/ethereal_glass": {
    "criteria": {
      "has_item": "2025-06-15 22:54:05 +0300"
    },
    "done": true
  },
  "minecraft:recipes/food/dried_kelp_from_smelting": {
    "criteria": {
      "has_kelp": "2025-06-15 23:21:20 +0300"
    },
    "done": true
  },
  "create:recipes/misc/crafting/kinetics/cuckoo_clock": {
    "criteria": {
      "has_item": "2025-06-15 23:30:40 +0300"
    },
    "done": true
  },
  "minecraft:recipes/food/baked_potato_from_campfire_cooking": {
    "criteria": {
      "has_potato": "2025-06-15 22:57:57 +0300"
    },
    "done": true
  },
  "create:andesite_alloy": {
    "criteria": {
      "0": "2025-06-15 23:30:40 +0300"
    },
    "done": true
  },
  "miniutilities:recipes/misc/white_lapis_caelestis": {
    "criteria": {
      "has_item": "2025-06-15 22:54:05 +0300"
    },
    "done": true
  },
  "minecraft:recipes/combat/iron_chestplate": {
    "criteria": {
      "has_iron_ingot": "2025-06-16 00:38:53 +0300"
    },
    "done": true
  },
  "minecraft:recipes/redstone/oak_trapdoor": {
    "criteria": {
      "has_planks": "2025-06-15 22:53:01 +0300"
    },
    "done": true
  },
  "miniutilities:recipes/misc/glowing_glass": {
    "criteria": {
      "has_item": "2025-06-15 22:54:05 +0300"
    },
    "done": true
  },
  "minecraft:recipes/combat/stone_sword": {
    "criteria": {
      "has_cobblestone": "2025-06-15 22:54:05 +0300"
    },
    "done": true
  },
  "minecraft:recipes/decorations/cobblestone_wall": {
    "criteria": {
      "has_cobblestone": "2025-06-15 22:54:05 +0300"
    },
    "done": true
  },
  "minecraft:recipes/food/dried_kelp_from_campfire_cooking": {
    "criteria": {
      "has_kelp": "2025-06-15 23:21:20 +0300"
    },
    "done": true
  },
  "industrialrenewal:recipes/misc/sponge_iron": {
    "criteria": {
      "has_item": "2025-06-16 00:38:53 +0300"
    },
    "done": true
  },
  "minecraft:recipes/tools/stone_axe": {
    "criteria": {
      "has_cobblestone": "2025-06-15 22:54:05 +0300"
    },
    "done": true
  },
  "create:recipes/misc/blasting/zinc_ingot_from_raw_ore": {
    "criteria": {
      "has_item": "2025-06-15 22:59:00 +0300"
    },
    "done": true
  },
  "miniutilities:recipes/misc/cyan_lapis_caelestis": {
    "criteria": {
      "has_item": "2025-06-15 22:54:05 +0300"
    },
    "done": true
  },
  "miniutilities:recipes/misc/kikoku": {
    "criteria": {
      "has_item": "2025-06-15 22:54:05 +0300"
    },
    "done": true
  },
  "minecraft:recipes/misc/iron_nugget": {
    "criteria": {
      "has_iron_ingot": "2025-06-16 00:38:53 +0300"
    },
    "done": true
  },
  "exdeorum:recipes/misc/golden_mesh_from_iron_mesh": {
    "criteria": {
      "has_item": "2025-06-16 00:39:55 +0300"
    },
    "done": true
  },
  "minecraft:recipes/misc/bucket": {
    "criteria": {
      "has_iron_ingot": "2025-06-16 00:38:53 +0300"
    },
    "done": true
  },
  "miniutilities:recipes/misc/ender_lily_seeds": {
    "criteria": {
      "has_item": "2025-06-15 22:54:05 +0300"
    },
    "done": true
  },
  "create_connected:recipes/crafting/palettes/copycat_fence": {
    "criteria": {
      "has_item": "2025-06-15 23:22:50 +0300"
    },
    "done": true
  },
  "minecraft:recipes/combat/bow": {
    "criteria": {
      "has_string": "2025-06-15 22:46:30 +0300"
    },
    "done": true
  },
  "exdeorum:recipes/tools/diamond_hammer": {
    "criteria": {
      "has_item": "2025-06-16 00:45:16 +0300"
    },
    "done": true
  },
  "minecraft:recipes/building_blocks/smooth_sandstone": {
    "criteria": {
      "has_sandstone": "2025-06-15 22:40:39 +0300"
    },
    "done": true
  },
  "miniutilities:recipes/misc/brown_lapis_caelestis": {
    "criteria": {
      "has_item": "2025-06-15 22:54:05 +0300"
    },
    "done": true
  },
  "miniutilities:recipes/misc/reversing_hoe": {
    "criteria": {
      "has_item": "2025-06-15 22:54:05 +0300"
    },
    "done": true
  },
  "create:recipes/misc/crafting/kinetics/filter": {
    "criteria": {
      "has_item": "2025-06-15 23:30:40 +0300"
    },
    "done": true
  },
  "create:recipes/misc/crafting/kinetics/white_sail": {
    "criteria": {
      "has_item": "2025-06-15 23:30:40 +0300"
    },
    "done": true
  },
  "create:recipes/misc/crafting/tree_fertilizer": {
    "criteria": {
      "has_item": "2025-06-15 23:22:58 +0300"
    },
    "done": true
  },
  "minecraft:recipes/combat/golden_helmet": {
    "criteria": {
      "has_gold_ingot": "2025-06-16 00:39:55 +0300"
    },
    "done": true
  },
  "minecraft:story/smelt_iron": {
    "criteria": {
      "iron": "2025-06-16 00:38:53 +0300"
    },
    "done": true
  },
  "appflux:recipes/misc/insulating_resin": {
    "criteria": {
      "has_item": "2025-06-15 23:19:48 +0300"
    },
    "done": true
  },
  "ad_astra:recipes/misc/coal_generator": {
    "criteria": {
      "has_coal_generator": "2025-06-16 00:38:53 +0300"
    },
    "done": true
  },
  "minecraft:recipes/building_blocks/emerald_block": {
    "criteria": {
      "has_emerald": "2025-06-16 00:45:16 +0300"
    },
    "done": true
  },
  "ae2:recipes/misc/tools/nether_quartz_cutting_knife": {
    "criteria": {
      "has_nether_quartz": "2025-06-16 01:00:04 +0300"
    },
    "done": true
  },
  "enderio:recipes/misc/wood_gear": {
    "criteria": {
      "has_ingredient": "2025-06-15 22:49:20 +0300"
    },
    "done": true
  },
  "minecraft:recipes/building_blocks/white_concrete_powder": {
    "criteria": {
      "has_sand": "2025-06-15 23:02:03 +0300"
    },
    "done": true
  },
  "create:recipes/misc/crafting/appliances/clipboard": {
    "criteria": {
      "has_item": "2025-06-15 23:30:40 +0300"
    },
    "done": true
  },
  "create:recipes/misc/crafting/kinetics/linear_chassis": {
    "criteria": {
      "has_item": "2025-06-15 23:30:40 +0300"
    },
    "done": true
  },
  "minecraft:recipes/building_blocks/spruce_wood": {
    "criteria": {
      "has_log": "2025-06-16 00:54:49 +0300"
    },
    "done": true
  },
  "exdeorum:recipes/misc/flint_mesh": {
    "criteria": {
      "has_item": "2025-06-15 22:42:56 +0300"
    },
    "done": true
  },
  "ae2:recipes/misc/tools/nether_quartz_spade": {
    "criteria": {
      "has_nether_quartz": "2025-06-16 01:00:04 +0300"
    },
    "done": true
  },
  "compressium:recipes/building_blocks/sand_1": {
    "criteria": {
      "has_sand": "2025-06-15 23:02:03 +0300"
    },
    "done": true
  },
  "tconstruct:recipes/decorations/common/gold_bars": {
    "criteria": {
      "has_ingot": "2025-06-16 00:39:55 +0300"
    },
    "done": true
  },
  "minecraft:recipes/transportation/spruce_boat": {
    "criteria": {
      "in_water": "2025-06-15 23:35:03 +0300"
    },
    "done": true
  },
  "miniutilities:recipes/misc/diamond_opinium_core": {
    "criteria": {
      "has_item": "2025-06-15 22:54:05 +0300"
    },
    "done": true
  },
  "create:recipes/misc/crafting/kinetics/empty_blaze_burner": {
    "criteria": {
      "has_item": "2025-06-16 00:38:53 +0300"
    },
    "done": true
  },
  "miniutilities:recipes/misc/unstable_boots": {
    "criteria": {
      "has_item": "2025-06-15 22:54:05 +0300"
    },
    "done": true
  },
  "projecte:recipes/misc/conversions/iron_ingot_to_gold_ingot": {
    "criteria": {
      "has_iron_ingot": "2025-06-16 00:38:53 +0300"
    },
    "done": true
  },
  "minecraft:recipes/misc/paper": {
    "criteria": {
      "has_reeds": "2025-06-15 22:57:59 +0300"
    },
    "done": true
  },
  "miniutilities:recipes/misc/yellow_lapis_caelestis": {
    "criteria": {
      "has_item": "2025-06-15 22:54:05 +0300"
    },
    "done": true
  },
  "minecraft:recipes/building_blocks/andesite_slab_from_andesite_stonecutting": {
    "criteria": {
      "has_andesite": "2025-06-15 22:59:43 +0300"
    },
    "done": true
  },
  "exdeorum:recipes/misc/stone_barrel": {
    "criteria": {
      "has_item": "2025-06-15 22:41:19 +0300"
    },
    "done": true
  },
  "compressium:recipes/building_blocks/obsidian_1": {
    "criteria": {
      "has_obsidian": "2025-06-16 01:28:59 +0300"
    },
    "done": true
  },
  "industrialrenewal:recipes/building_blocks/fire_hazard": {
    "criteria": {
      "has_item": "2025-06-16 00:38:53 +0300"
    },
    "done": true
  },
  "create_connected:recipes/crafting/kinetics/brake": {
    "criteria": {
      "has_item": "2025-06-16 01:28:59 +0300"
    },
    "done": true
  },
  "ae2:recipes/misc/tools/nether_quartz_axe": {
    "criteria": {
      "has_nether_quartz": "2025-06-16 01:00:04 +0300"
    },
    "done": true
  },
  "minecraft:recipes/redstone/daylight_detector": {
    "criteria": {
      "has_quartz": "2025-06-16 01:00:04 +0300"
    },
    "done": true
  },
  "create:recipes/misc/crafting/kinetics/large_cogwheel": {
    "criteria": {
      "has_item": "2025-06-15 23:30:40 +0300"
    },
    "done": true
  },
  "minecraft:recipes/combat/diamond_boots": {
    "criteria": {
      "has_diamond": "2025-06-16 00:45:16 +0300"
    },
    "done": true
  },
  "miniutilities:recipes/misc/mechanical_miner": {
    "criteria": {
      "has_item": "2025-06-15 22:54:05 +0300"
    },
    "done": true
  },
  "create:recipes/decorations/andesite_table_cloth_from_andesite_alloy_stonecutting": {
    "criteria": {
      "has_andesite_alloy": "2025-06-15 23:30:40 +0300"
    },
    "done": true
  },
  "minecraft:recipes/combat/iron_sword": {
    "criteria": {
      "has_iron_ingot": "2025-06-16 00:38:53 +0300"
    },
    "done": true
  },
  "minecraft:recipes/tools/iron_pickaxe": {
    "criteria": {
      "has_iron_ingot": "2025-06-16 00:38:53 +0300"
    },
    "done": true
  },
  "minecraft:recipes/transportation/mangrove_boat": {
    "criteria": {
      "in_water": "2025-06-15 23:35:03 +0300"
    },
    "done": true
  },
  "minecraft:recipes/combat/shield": {
    "criteria": {
      "has_iron_ingot": "2025-06-16 00:38:53 +0300"
    },
    "done": true
  },
  "minecraft:recipes/decorations/iron_bars": {
    "criteria": {
      "has_iron_ingot": "2025-06-16 00:38:53 +0300"
    },
    "done": true
  },
  "create:recipes/building_blocks/cut_andesite_brick_wall_from_stone_types_andesite_stonecutting": {
    "criteria": {
      "has_stone_types_andesite": "2025-06-15 22:59:43 +0300"
    },
    "done": true
  },
  "miniutilities:recipes/misc/reinforced_large_drum": {
    "criteria": {
      "has_item": "2025-06-15 22:54:05 +0300"
    },
    "done": true
  },
  "exdeorum:recipes/misc/porcelain_bucket": {
    "criteria": {
      "has_item": "2025-06-15 23:02:21 +0300"
    },
    "done": true
  },
  "minecraft:recipes/misc/lime_dye_from_smelting": {
    "criteria": {
      "has_sea_pickle": "2025-06-15 23:21:20 +0300"
    },
    "done": true
  },
  "create:recipes/building_blocks/copycat_step_from_ingots_zinc_stonecutting": {
    "criteria": {
      "has_ingots_zinc": "2025-06-15 23:22:50 +0300"
    },
    "done": true
  },
  "exdeorum:recipes/misc/golden_mesh": {
    "criteria": {
      "has_item": "2025-06-16 00:39:55 +0300"
    },
    "done": true
  },
  "industrialrenewal:recipes/misc/firebox_fluid": {
    "criteria": {
      "has_item": "2025-06-16 00:38:53 +0300"
    },
    "done": true
  },
  "create:recipes/misc/crafting/materials/andesite_alloy_from_zinc": {
    "criteria": {
      "has_item": "2025-06-15 23:22:50 +0300"
    },
    "done": true
  },
  "miniutilities:recipes/misc/healing_axe": {
    "criteria": {
      "has_item": "2025-06-15 22:54:05 +0300"
    },
    "done": true
  },
  "minecraft:recipes/tools/flint_and_steel": {
    "criteria": {
      "has_flint": "2025-06-15 22:42:56 +0300"
    },
    "done": true
  },
  "create:recipes/building_blocks/andesite_pillar_from_stone_types_andesite_stonecutting": {
    "criteria": {
      "has_stone_types_andesite": "2025-06-15 22:59:43 +0300"
    },
    "done": true
  },
  "minecraft:recipes/misc/sugar_from_sugar_cane": {
    "criteria": {
      "has_sugar_cane": "2025-06-15 22:57:59 +0300"
    },
    "done": true
  },
  "tconstruct:recipes/building_blocks/smeltery/seared/grout_multiple": {
    "criteria": {
      "has_item": "2025-06-15 23:17:50 +0300"
    },
    "done": true
  },
  "industrialrenewal:recipes/misc/portable_generator": {
    "criteria": {
      "has_item": "2025-06-16 00:38:53 +0300"
    },
    "done": true
  },
  "minecraft:recipes/tools/wooden_pickaxe": {
    "criteria": {
      "has_stick": "2025-06-15 22:49:20 +0300"
    },
    "done": true
  },
  "minecraft:recipes/food/baked_potato_from_smoking": {
    "criteria": {
      "has_potato": "2025-06-15 22:57:57 +0300"
    },
    "done": true
  },
  "projecte:recipes/misc/conversions/emerald_to_diamond": {
    "criteria": {
      "has_emerald": "2025-06-16 00:45:16 +0300"
    },
    "done": true
  },
  "minecraft:story/upgrade_tools": {
    "criteria": {
      "stone_pickaxe": "2025-06-16 00:16:48 +0300"
    },
    "done": true
  },
  "create:recipes/building_blocks/polished_cut_andesite_wall_from_stone_types_andesite_stonecutting": {
    "criteria": {
      "has_stone_types_andesite": "2025-06-15 22:59:43 +0300"
    },
    "done": true
  },
  "buildinggadgets2:recipes/misc/gadget_building": {
    "criteria": {
      "has_diamond": "2025-06-16 00:45:16 +0300"
    },
    "done": true
  },
  "sophisticatedbackpacks:recipes/misc/upgrade_base": {
    "criteria": {
      "has_leather": "2025-06-16 00:43:13 +0300"
    },
    "done": true
  },
  "miniutilities:recipes/misc/unstable_drum": {
    "criteria": {
      "has_item": "2025-06-15 22:54:05 +0300"
    },
    "done": true
  },
  "minecraft:recipes/redstone/oak_pressure_plate": {
    "criteria": {
      "has_planks": "2025-06-15 22:53:01 +0300"
    },
    "done": true
  },
  "create:recipes/building_blocks/cut_andesite_brick_stairs_from_stone_types_andesite_stonecutting": {
    "criteria": {
      "has_stone_types_andesite": "2025-06-15 22:59:43 +0300"
    },
    "done": true
  },
  "minecraft:recipes/decorations/soul_campfire": {
    "criteria": {
      "has_soul_sand": "2025-06-16 00:59:01 +0300"
    },
    "done": true
  },
  "compressium:recipes/building_blocks/soulsand_1": {
    "criteria": {
      "has_soulsand": "2025-06-16 00:59:01 +0300"
    },
    "done": true
  },
  "minecraft:recipes/building_blocks/yellow_concrete_powder": {
    "criteria": {
      "has_sand": "2025-06-15 23:02:03 +0300"
    },
    "done": true
  },
  "minecraft:recipes/building_blocks/dripstone_block": {
    "criteria": {
      "has_pointed_dripstone": "2025-06-15 23:21:12 +0300"
    },
    "done": true
  },
  "minecraft:recipes/building_blocks/sandstone": {
    "criteria": {
      "has_sand": "2025-06-15 23:02:03 +0300"
    },
    "done": true
  },
  "enderio:recipes/misc/conduit_binder_composite": {
    "criteria": {
      "has_ingredient_sand": "2025-06-15 23:02:03 +0300"
    },
    "done": true
  },
  "minecraft:recipes/tools/iron_axe": {
    "criteria": {
      "has_iron_ingot": "2025-06-16 00:38:53 +0300"
    },
    "done": true
  },
  "create:recipes/misc/crafting/logistics/item_hatch": {
    "criteria": {
      "has_item": "2025-06-15 23:30:40 +0300"
    },
    "done": true
  },
  "miniutilities:recipes/misc/regular_to_reverse": {
    "criteria": {
      "has_item": "2025-06-15 22:54:05 +0300"
    },
    "done": true
  },
  "compressium:recipes/building_blocks/cobblestone_1": {
    "criteria": {
      "has_cobblestone": "2025-06-15 22:54:05 +0300"
    },
    "done": true
  },
  "industrialrenewal:recipes/misc/small_wind_turbine_pillar": {
    "criteria": {
      "has_item": "2025-06-16 00:38:53 +0300"
    },
    "done": true
  },
  "industrialrenewal:recipes/misc/drill_deep": {
    "criteria": {
      "has_item": "2025-06-16 00:38:53 +0300"
    },
    "done": true
  },
  "minecraft:recipes/misc/stick_from_bamboo_item": {
    "criteria": {
      "has_bamboo": "2025-06-15 23:33:17 +0300"
    },
    "done": true
  },
  "create_connected:recipes/crafting/palettes/copycat_board": {
    "criteria": {
      "has_item": "2025-06-15 23:22:50 +0300"
    },
    "done": true
  },
  "projecte:recipes/misc/conversions/gold_ingot_to_diamond": {
    "criteria": {
      "has_gold_ingot": "2025-06-16 00:39:55 +0300"
    },
    "done": true
  },
  "miniutilities:recipes/misc/smelting/ender_ore": {
    "criteria": {
      "has_item": "2025-06-15 22:54:05 +0300"
    },
    "done": true
  },
  "miniutilities:recipes/misc/redstone_clock": {
    "criteria": {
      "has_item": "2025-06-15 22:54:05 +0300"
    },
    "done": true
  },
  "minecraft:recipes/tools/golden_hoe": {
    "criteria": {
      "has_gold_ingot": "2025-06-16 00:39:55 +0300"
    },
    "done": true
  },
  "ad_astra:recipes/misc/compressor": {
    "criteria": {
      "has_compressor": "2025-06-16 00:38:53 +0300"
    },
    "done": true
  },
  "minecraft:husbandry/balanced_diet": {
    "criteria": {
      "sweet_berries": "2025-06-16 01:18:28 +0300",
      "baked_potato": "2025-06-15 23:53:12 +0300"
    },
    "done": false
  },
  "create:recipes/misc/crafting/materials/zinc_nugget_from_decompacting": {
    "criteria": {
      "has_item": "2025-06-15 23:22:50 +0300"
    },
    "done": true
  },
  "minecraft:recipes/building_blocks/bamboo_block": {
    "criteria": {
      "has_bamboo": "2025-06-15 23:33:17 +0300"
    },
    "done": true
  },
  "exdeorum:recipes/misc/oak_compressed_sieve": {
    "criteria": {
      "has_item": "2025-06-15 22:40:08 +0300"
    },
    "done": true
  },
  "exdeorum:recipes/tools/iron_hammer": {
    "criteria": {
      "has_item": "2025-06-16 00:38:53 +0300"
    },
    "done": true
  },
  "tconstruct:recipes/misc/common/flint": {
    "criteria": {
      "has_item": "2025-06-16 00:33:07 +0300"
    },
    "done": true
  },
  "exdeorum:recipes/tools/golden_hammer": {
    "criteria": {
      "has_item": "2025-06-16 00:39:55 +0300"
    },
    "done": true
  },
  "create:recipes/misc/crafting/materials/raw_zinc_block": {
    "criteria": {
      "has_item": "2025-06-15 22:59:00 +0300"
    },
    "done": true
  },
  "witherstormmod:recipes/tools/amulet": {
    "criteria": {
      "has_iron_ingot": "2025-06-16 00:38:53 +0300"
    },
    "done": true
  },
  "create:recipes/building_blocks/industrial_iron_block_from_ingots_iron_stonecutting": {
    "criteria": {
      "has_ingots_iron": "2025-06-16 00:38:53 +0300"
    },
    "done": true
  },
  "minecraft:recipes/redstone/iron_door": {
    "criteria": {
      "has_iron_ingot": "2025-06-16 00:38:53 +0300"
    },
    "done": true
  },
  "minecraft:recipes/transportation/dark_oak_boat": {
    "criteria": {
      "in_water": "2025-06-15 23:35:03 +0300"
    },
    "done": true
  },
  "exdeorum:recipes/misc/diamond_mesh_from_golden_mesh": {
    "criteria": {
      "has_item": "2025-06-16 00:45:16 +0300"
    },
    "done": true
  },
  "create_connected:recipes/crafting/kinetics/freewheel_clutch": {
    "criteria": {
      "has_item": "2025-06-15 23:38:11 +0300"
    },
    "done": true
  },
  "compressium:recipes/building_blocks/dirt_1": {
    "criteria": {
      "has_dirt": "2025-06-15 22:38:01 +0300"
    },
    "done": true
  },
  "minecraft:recipes/decorations/fletching_table": {
    "criteria": {
      "has_flint": "2025-06-15 22:42:56 +0300"
    },
    "done": true
  },
  "miniutilities:recipes/misc/unstable_ingot": {
    "criteria": {
      "has_item": "2025-06-15 22:54:05 +0300"
    },
    "done": true
  },
  "create:recipes/misc/crafting/kinetics/wrench": {
    "criteria": {
      "has_item": "2025-06-15 23:30:40 +0300"
    },
    "done": true
  },
  "create:recipes/misc/crafting/kinetics/rose_quartz_lamp": {
    "criteria": {
      "has_item": "2025-06-15 23:22:50 +0300"
    },
    "done": true
  },
  "exdeorum:recipes/tools/stone_hammer": {
    "criteria": {
      "has_item": "2025-06-15 22:54:05 +0300"
    },
    "done": true
  },
  "miniutilities:recipes/misc/bat_angel_ring": {
    "criteria": {
      "has_item": "2025-06-15 22:54:05 +0300"
    },
    "done": true
  },
  "industrialrenewal:recipes/misc/barrel": {
    "criteria": {
      "has_item": "2025-06-16 00:38:53 +0300"
    },
    "done": true
  },
  "minecraft:recipes/tools/golden_axe": {
    "criteria": {
      "has_gold_ingot": "2025-06-16 00:39:55 +0300"
    },
    "done": true
  },
  "create_connected:recipes/crafting/palettes/copycat_slab": {
    "criteria": {
      "has_item": "2025-06-15 23:22:50 +0300"
    },
    "done": true
  },
  "exdeorum:recipes/misc/granite": {
    "criteria": {
      "has_item": "2025-06-15 22:57:54 +0300"
    },
    "done": true
  },
  "minecraft:recipes/decorations/oak_sign": {
    "criteria": {
      "has_planks": "2025-06-15 22:53:01 +0300"
    },
    "done": true
  },
  "miniutilities:recipes/misc/feather_angel_ring": {
    "criteria": {
      "has_item": "2025-06-15 22:54:05 +0300"
    },
    "done": true
  },
  "minecraft:recipes/building_blocks/red_concrete_powder": {
    "criteria": {
      "has_sand": "2025-06-15 23:02:03 +0300"
    },
    "done": true
  },
  "minecraft:recipes/tools/golden_pickaxe": {
    "criteria": {
      "has_gold_ingot": "2025-06-16 00:39:55 +0300"
    },
    "done": true
  },
  "ae2:recipes/misc/decorative/light_detector": {
    "criteria": {
      "has_iron_ingot": "2025-06-16 00:38:53 +0300"
    },
    "done": true
  },
  "rftoolsbase:recipes/rftoolsbase/smartwrench": {
    "criteria": {
      "iron": "2025-06-16 00:38:53 +0300"
    },
    "done": true
  },
  "create:recipes/building_blocks/cut_andesite_slab_from_stone_types_andesite_stonecutting": {
    "criteria": {
      "has_stone_types_andesite": "2025-06-15 22:59:43 +0300"
    },
    "done": true
  },
  "constructionwand:recipes/tools/iron_wand": {
    "criteria": {
      "has_item": "2025-06-16 00:38:53 +0300"
    },
    "done": true
  },
  "create:recipes/building_blocks/small_andesite_brick_slab_from_stone_types_andesite_stonecutting": {
    "criteria": {
      "has_stone_types_andesite": "2025-06-15 22:59:43 +0300"
    },
    "done": true
  },
  "exdeorum:core/string_mesh": {
    "criteria": {
      "has_string_mesh": "2025-06-15 22:47:01 +0300"
    },
    "done": true
  },
  "minecraft:recipes/misc/white_dye": {
    "criteria": {
      "has_bone_meal": "2025-06-15 23:22:58 +0300"
    },
    "done": true
  },
  "tombstone:recipes/from_grave_key": {
    "criteria": {
      "has_ingredient": "2025-06-16 00:31:43 +0300"
    },
    "done": true
  },
  "miniutilities:recipes/misc/green_lapis_caelestis": {
    "criteria": {
      "has_item": "2025-06-15 22:54:05 +0300"
    },
    "done": true
  },
  "create:recipes/misc/crafting/appliances/chain_from_zinc": {
    "criteria": {
      "has_item": "2025-06-15 23:22:50 +0300"
    },
    "done": true
  },
  "industrialrenewal:recipes/misc/small_wind_blade": {
    "criteria": {
      "has_item": "2025-06-16 00:38:53 +0300"
    },
    "done": true
  },
  "minecraft:recipes/combat/diamond_chestplate": {
    "criteria": {
      "has_diamond": "2025-06-16 00:45:16 +0300"
    },
    "done": true
  },
  "minecraft:story/mine_stone": {
    "criteria": {
      "get_stone": "2025-06-15 22:54:05 +0300"
    },
    "done": true
  },
  "minecraft:recipes/decorations/furnace": {
    "criteria": {
      "has_cobblestone": "2025-06-15 22:54:05 +0300"
    },
    "done": true
  },
  "minecraft:recipes/building_blocks/andesite_stairs": {
    "criteria": {
      "has_andesite": "2025-06-15 22:59:43 +0300"
    },
    "done": true
  },
  "minecraft:recipes/building_blocks/green_concrete_powder": {
    "criteria": {
      "has_sand": "2025-06-15 23:02:03 +0300"
    },
    "done": true
  },
  "minecraft:recipes/combat/netherite_spikes_smithing": {
    "criteria": {
      "has_cobblestone": "2025-06-15 22:54:05 +0300"
    },
    "done": true
  },
  "miniutilities:recipes/misc/lapis_lamp": {
    "criteria": {
      "has_item": "2025-06-15 22:54:05 +0300"
    },
    "done": true
  },
  "exdeorum:recipes/misc/oak_sieve": {
    "criteria": {
      "has_item": "2025-06-15 22:53:01 +0300"
    },
    "done": true
  },
  "minecraft:recipes/building_blocks/blue_concrete_powder": {
    "criteria": {
      "has_sand": "2025-06-15 23:02:03 +0300"
    },
    "done": true
  },
  "miniutilities:recipes/misc/iron_drum": {
    "criteria": {
      "has_item": "2025-06-15 22:54:05 +0300"
    },
    "done": true
  },
  "miniutilities:recipes/misc/nether_star_opinium_core": {
    "criteria": {
      "has_item": "2025-06-15 22:54:05 +0300"
    },
    "done": true
  },
  "create:recipes/misc/crafting/kinetics/water_wheel": {
    "criteria": {
      "has_item": "2025-06-15 23:30:40 +0300"
    },
    "done": true
  },
  "minecraft:recipes/misc/energy_cable_mv_2": {
    "criteria": {
      "has_item": "2025-06-16 00:39:55 +0300"
    },
    "done": true
  },
  "create:recipes/misc/crafting/kinetics/large_cogwheel_from_little": {
    "criteria": {
      "has_item": "2025-06-15 23:30:40 +0300"
    },
    "done": true
  },
  "miniutilities:recipes/misc/cursed_earth": {
    "criteria": {
      "has_item": "2025-06-15 22:54:05 +0300"
    },
    "done": true
  },
  "minecraft:recipes/tools/shears": {
    "criteria": {
      "has_iron_ingot": "2025-06-16 00:38:53 +0300"
    },
    "done": true
  },
  "exdeorum:recipes/tools/wooden_hammer": {
    "criteria": {
      "has_item": "2025-06-15 22:53:01 +0300"
    },
    "done": true
  },
  "create:recipes/misc/crafting/materials/andesite_alloy_block": {
    "criteria": {
      "has_item": "2025-06-15 23:30:40 +0300"
    },
    "done": true
  },
  "minecraft:recipes/building_blocks/cobblestone_slab_from_cobblestone_stonecutting": {
    "criteria": {
      "has_cobblestone": "2025-06-15 22:54:05 +0300"
    },
    "done": true
  },
  "minecraft:recipes/building_blocks/iron_block": {
    "criteria": {
      "has_iron_ingot": "2025-06-16 00:38:53 +0300"
    },
    "done": true
  },
  "minecraft:recipes/building_blocks/stone": {
    "criteria": {
      "has_cobblestone": "2025-06-15 22:54:05 +0300"
    },
    "done": true
  },
  "enderio:recipes/misc/fluid_tank": {
    "criteria": {
      "has_ingredient": "2025-06-16 00:38:53 +0300"
    },
    "done": true
  },
  "minecraft:recipes/transportation/bamboo_raft": {
    "criteria": {
      "in_water": "2025-06-15 23:35:03 +0300"
    },
    "done": true
  },
  "industrialrenewal:recipes/misc/mining": {
    "criteria": {
      "has_item": "2025-06-16 00:38:53 +0300"
    },
    "done": true
  },
  "miniutilities:recipes/misc/dark_reverse_ethereal_glass": {
    "criteria": {
      "has_item": "2025-06-15 22:54:05 +0300"
    },
    "done": true
  },
  "projecte:recipes/tools/iron_band": {
    "criteria": {
      "has_lava": "2025-06-16 00:02:08 +0300"
    },
    "done": true
  },
  "minecraft:recipes/decorations/soul_torch": {
    "criteria": {
      "has_soul_sand": "2025-06-16 00:59:01 +0300"
    },
    "done": true
  },
  "tombstone:adventure/cancel_ghostly_shape": {
    "criteria": {
      "coded_trigger": "2025-06-16 00:38:18 +0300"
    },
    "done": true
  },
  "minecraft:recipes/building_blocks/diorite": {
    "criteria": {
      "has_quartz": "2025-06-16 01:00:04 +0300"
    },
    "done": true
  },
  "minecraft:recipes/decorations/spruce_hanging_sign": {
    "criteria": {
      "has_stripped_logs": "2025-06-16 00:54:49 +0300"
    },
    "done": true
  },
  "exdeorum:recipes/misc/diorite": {
    "criteria": {
      "has_item": "2025-06-15 22:57:54 +0300"
    },
    "done": true
  },
  "miniutilities:recipes/misc/ender_dust_to_ender_pearl": {
    "criteria": {
      "has_item": "2025-06-15 22:54:05 +0300"
    },
    "done": true
  },
  "minecraft:recipes/building_blocks/granite": {
    "criteria": {
      "has_quartz": "2025-06-16 01:00:04 +0300"
    },
    "done": true
  },
  "industrialrenewal:recipes/misc/fluid_tank": {
    "criteria": {
      "has_item": "2025-06-16 00:38:53 +0300"
    },
    "done": true
  },
  "exdeorum:recipes/misc/spruce_compressed_sieve": {
    "criteria": {
      "has_item": "2025-06-16 00:54:49 +0300"
    },
    "done": true
  },
  "minecraft:recipes/tools/diamond_shovel": {
    "criteria": {
      "has_diamond": "2025-06-16 00:45:16 +0300"
    },
    "done": true
  },
  "tombstone:adventure/first_knowledge": {
    "criteria": {
      "coded_trigger": "2025-06-16 00:31:42 +0300"
    },
    "done": true
  },
  "create_connected:recipes/crafting/palettes/copycat_block": {
    "criteria": {
      "has_item": "2025-06-15 23:22:50 +0300"
    },
    "done": true
  },
  "minecraft:recipes/redstone/light_weighted_pressure_plate": {
    "criteria": {
      "has_gold_ingot": "2025-06-16 00:39:55 +0300"
    },
    "done": true
  },
  "miniutilities:recipes/misc/reverse_to_regular": {
    "criteria": {
      "has_item": "2025-06-15 22:54:05 +0300"
    },
    "done": true
  },
  "miniutilities:recipes/misc/magical_egg": {
    "criteria": {
      "has_item": "2025-06-15 22:54:05 +0300"
    },
    "done": true
  },
  "minecraft:recipes/building_blocks/quartz_block": {
    "criteria": {
      "has_quartz": "2025-06-16 01:00:04 +0300"
    },
    "done": true
  },
  "exdeorum:recipes/misc/iron_mesh_from_flint_mesh": {
    "criteria": {
      "has_item": "2025-06-16 00:38:53 +0300"
    },
    "done": true
  },
  "minecraft:recipes/building_blocks/sandstone_stairs": {
    "criteria": {
      "has_sandstone": "2025-06-15 22:40:39 +0300"
    },
    "done": true
  },
  "minecraft:recipes/food/dried_kelp_from_smoking": {
    "criteria": {
      "has_kelp": "2025-06-15 23:21:20 +0300"
    },
    "done": true
  },
  "miniutilities:recipes/misc/blessed_earth": {
    "criteria": {
      "has_item": "2025-06-15 22:54:05 +0300"
    },
    "done": true
  },
  "ironchest:recipes/decorations/chests/vanilla_dirt_chest": {
    "criteria": {
      "has_iron_ingot": "2025-06-15 22:38:01 +0300"
    },
    "done": true
  },
  "industrialrenewal:recipes/misc/conveyor_bulk_express": {
    "criteria": {
      "has_item": "2025-06-16 00:38:53 +0300"
    },
    "done": true
  },
  "sophisticatedbackpacks:recipes/misc/backpack": {
    "criteria": {
      "has_leather": "2025-06-16 00:43:13 +0300"
    },
    "done": true
  },
  "create:recipes/building_blocks/cut_andesite_bricks_from_stone_types_andesite_stonecutting": {
    "criteria": {
      "has_stone_types_andesite": "2025-06-15 22:59:43 +0300"
    },
    "done": true
  },
  "minecraft:recipes/building_blocks/orange_concrete_powder": {
    "criteria": {
      "has_sand": "2025-06-15 23:02:03 +0300"
    },
    "done": true
  },
  "create:recipes/building_blocks/small_andesite_bricks_from_stone_types_andesite_stonecutting": {
    "criteria": {
      "has_stone_types_andesite": "2025-06-15 22:59:43 +0300"
    },
    "done": true
  },
  "minecraft:recipes/misc/leather": {
    "criteria": {
      "has_rabbit_hide": "2025-06-15 22:42:58 +0300"
    },
    "done": true
  },
  "industrialrenewal:recipes/building_blocks/defective_hazard": {
    "criteria": {
      "has_item": "2025-06-16 00:38:53 +0300"
    },
    "done": true
  },
  "miniutilities:recipes/misc/orange_lapis_caelestis": {
    "criteria": {
      "has_item": "2025-06-15 22:54:05 +0300"
    },
    "done": true
  },
  "industrialrenewal:recipes/misc/trash": {
    "criteria": {
      "has_item": "2025-06-16 00:38:53 +0300"
    },
    "done": true
  },
  "minecraft:recipes/tools/stone_pickaxe": {
    "criteria": {
      "has_cobblestone": "2025-06-15 22:54:05 +0300"
    },
    "done": true
  },
  "minecraft:recipes/decorations/lantern": {
    "criteria": {
      "has_iron_nugget": "2025-06-16 00:33:52 +0300"
    },
    "done": true
  },
  "create:recipes/building_blocks/ornate_iron_window": {
    "criteria": {
      "has_ingredient": "2025-06-16 00:33:52 +0300"
    },
    "done": true
  },
  "compressium:recipes/building_blocks/clay_1": {
    "criteria": {
      "has_clay": "2025-06-15 23:17:50 +0300"
    },
    "done": true
  },
  "miniutilities:recipes/misc/chorus_tile": {
    "criteria": {
      "has_item": "2025-06-15 22:54:05 +0300"
    },
    "done": true
  },
  "minecraft:recipes/tools/wooden_hoe": {
    "criteria": {
      "has_stick": "2025-06-15 22:49:20 +0300"
    },
    "done": true
  },
  "minecraft:recipes/redstone/oak_fence_gate": {
    "criteria": {
      "has_planks": "2025-06-15 22:53:01 +0300"
    },
    "done": true
  },
  "minecraft:recipes/misc/charcoal": {
    "criteria": {
      "has_log": "2025-06-15 22:40:08 +0300"
    },
    "done": true
  },
  "minecraft:recipes/building_blocks/polished_andesite_from_andesite_stonecutting": {
    "criteria": {
      "has_andesite": "2025-06-15 22:59:43 +0300"
    },
    "done": true
  },
  "ae2:recipes/misc/tools/nether_quartz_pickaxe": {
    "criteria": {
      "has_nether_quartz": "2025-06-16 01:00:04 +0300"
    },
    "done": true
  },
  "minecraft:recipes/tools/iron_shovel": {
    "criteria": {
      "has_iron_ingot": "2025-06-16 00:38:53 +0300"
    },
    "done": true
  },
  "projecte:recipes/misc/conversions/gold_ingot_to_iron_ingot": {
    "criteria": {
      "has_gold_ingot": "2025-06-16 00:39:55 +0300"
    },
    "done": true
  },
  "minecraft:recipes/decorations/item_frame": {
    "criteria": {
      "has_leather": "2025-06-16 00:43:13 +0300"
    },
    "done": true
  },
  "create:recipes/misc/crafting/kinetics/shaft": {
    "criteria": {
      "has_item": "2025-06-15 23:30:40 +0300"
    },
    "done": true
  },
  "minecraft:recipes/combat/diamond_helmet": {
    "criteria": {
      "has_diamond": "2025-06-16 00:45:16 +0300"
    },
    "done": true
  },
  "miniutilities:recipes/misc/ender_tile": {
    "criteria": {
      "has_item": "2025-06-15 22:54:05 +0300"
    },
    "done": true
  },
  "enderio:recipes/misc/wood_gear_corner": {
    "criteria": {
      "has_ingredient": "2025-06-15 22:49:20 +0300"
    },
    "done": true
  },
  "create:recipes/misc/crafting/kinetics/hand_crank": {
    "criteria": {
      "has_item": "2025-06-15 23:30:40 +0300"
    },
    "done": true
  },
  "minecraft:recipes/building_blocks/cut_sandstone_slab_from_sandstone_stonecutting": {
    "criteria": {
      "has_sandstone": "2025-06-15 22:40:39 +0300"
    },
    "done": true
  },
  "minecraft:story/form_obsidian": {
    "criteria": {
      "obsidian": "2025-06-16 01:28:59 +0300"
    },
    "done": true
  },
  "industrialrenewal:recipes/misc/firebox_solid": {
    "criteria": {
      "has_item": "2025-06-16 00:38:53 +0300"
    },
    "done": true
  },
  "miniutilities:recipes/misc/netherite_opinium_core": {
    "criteria": {
      "has_item": "2025-06-15 22:54:05 +0300"
    },
    "done": true
  },
  "ironchest:recipes/decorations/upgrades/copper_to_iron_chest_upgrade": {
    "criteria": {
      "has_iron_ingot": "2025-06-16 00:38:53 +0300"
    },
    "done": true
  },
  "tconstruct:recipes/building_blocks/smeltery/seared/grout": {
    "criteria": {
      "has_item": "2025-06-15 23:18:05 +0300"
    },
    "done": true
  },
  "create:recipes/misc/crafting/kinetics/turntable": {
    "criteria": {
      "has_item": "2025-06-15 23:30:40 +0300"
    },
    "done": true
  },
  "minecraft:recipes/tools/wooden_shovel": {
    "criteria": {
      "has_stick": "2025-06-15 22:49:20 +0300"
    },
    "done": true
  },
  "miniutilities:recipes/misc/pink_lapis_caelestis": {
    "criteria": {
      "has_item": "2025-06-15 22:54:05 +0300"
    },
    "done": true
  },
  "exdeorum:recipes/misc/ores/zinc_tag": {
    "criteria": {
      "has_item": "2025-06-15 22:57:57 +0300"
    },
    "done": true
  },
  "minecraft:recipes/brewing/cauldron": {
    "criteria": {
      "has_water_bucket": "2025-06-16 00:06:23 +0300"
    },
    "done": true
  },
  "create:recipes/building_blocks/cut_andesite_wall_from_stone_types_andesite_stonecutting": {
    "criteria": {
      "has_stone_types_andesite": "2025-06-15 22:59:43 +0300"
    },
    "done": true
  },
  "create:recipes/decorations/andesite_bars_from_andesite_alloy_stonecutting": {
    "criteria": {
      "has_andesite_alloy": "2025-06-15 23:30:40 +0300"
    },
    "done": true
  },
  "create:recipes/misc/crafting/kinetics/sticker": {
    "criteria": {
      "has_item": "2025-06-15 23:30:40 +0300"
    },
    "done": true
  },
  "minecraft:adventure/root": {
    "criteria": {
      "killed_something": "2025-06-16 00:37:56 +0300"
    },
    "done": true
  },
  "create:recipes/building_blocks/small_andesite_brick_wall_from_stone_types_andesite_stonecutting": {
    "criteria": {
      "has_stone_types_andesite": "2025-06-15 22:59:43 +0300"
    },
    "done": true
  },
  "miniutilities:recipes/misc/light_gray_lapis_caelestis": {
    "criteria": {
      "has_item": "2025-06-15 22:54:05 +0300"
    },
    "done": true
  },
  "minecraft:recipes/combat/crossbow": {
    "criteria": {
      "has_string": "2025-06-15 22:46:30 +0300"
    },
    "done": true
  },
  "minecraft:recipes/misc/energy_cable_hv_2": {
    "criteria": {
      "has_item": "2025-06-16 00:45:16 +0300"
    },
    "done": true
  },
  "minecraft:recipes/decorations/barrel": {
    "criteria": {
      "has_planks": "2025-06-15 22:53:01 +0300"
    },
    "done": true
  },
  "miniutilities:recipes/misc/unstable_chestplate": {
    "criteria": {
      "has_item": "2025-06-15 22:54:05 +0300"
    },
    "done": true
  },
  "projecte:recipes/misc/high_covalence_dust": {
    "criteria": {
      "has_diamond": "2025-06-16 00:45:16 +0300"
    },
    "done": true
  },
  "industrialrenewal:recipes/misc/motor": {
    "criteria": {
      "has_item": "2025-06-16 00:38:53 +0300"
    },
    "done": true
  },
  "miniutilities:recipes/misc/angel_block": {
    "criteria": {
      "has_item": "2025-06-15 22:54:05 +0300"
    },
    "done": true
  },
  "create:recipes/building_blocks/cut_andesite_brick_slab_from_stone_types_andesite_stonecutting": {
    "criteria": {
      "has_stone_types_andesite": "2025-06-15 22:59:43 +0300"
    },
    "done": true
  },
  "create:recipes/misc/crafting/kinetics/radial_chassis": {
    "criteria": {
      "has_item": "2025-06-15 23:30:40 +0300"
    },
    "done": true
  },
  "minecraft:recipes/building_blocks/purple_concrete_powder": {
    "criteria": {
      "has_sand": "2025-06-15 23:02:03 +0300"
    },
    "done": true
  },
  "miniutilities:recipes/misc/unstable_helmet": {
    "criteria": {
      "has_item": "2025-06-15 22:54:05 +0300"
    },
    "done": true
  },
  "exdeorum:recipes/misc/flint_mesh_from_string_mesh": {
    "criteria": {
      "has_item": "2025-06-15 22:42:56 +0300"
    },
    "done": true
  },
  "create:recipes/misc/crafting/kinetics/sticky_mechanical_piston": {
    "criteria": {
      "has_item": "2025-06-15 23:30:40 +0300"
    },
    "done": true
  },
  "ae2:recipes/misc/tools/nether_quartz_hoe": {
    "criteria": {
      "has_nether_quartz": "2025-06-16 01:00:04 +0300"
    },
    "done": true
  },
  "minecraft:story/mine_diamond": {
    "criteria": {
      "diamond": "2025-06-16 00:45:16 +0300"
    },
    "done": true
  },
  "miniutilities:recipes/misc/angel_ring": {
    "criteria": {
      "has_item": "2025-06-15 22:54:05 +0300"
    },
    "done": true
  },
  "create:recipes/misc/crafting/kinetics/goggles": {
    "criteria": {
      "has_item": "2025-06-15 23:30:40 +0300"
    },
    "done": true
  },
  "create:recipes/misc/crafting/materials/andesite_alloy_from_block": {
    "criteria": {
      "has_item": "2025-06-15 23:30:40 +0300"
    },
    "done": true
  },
  "minecraft:recipes/tools/stone_shovel": {
    "criteria": {
      "has_cobblestone": "2025-06-15 22:54:05 +0300"
    },
    "done": true
  },
  "miniutilities:recipes/misc/iron_spikes": {
    "criteria": {
      "has_item": "2025-06-15 22:54:05 +0300"
    },
    "done": true
  },
  "tconstruct:recipes/decorations/gadgets/punji": {
    "criteria": {
      "has_item": "2025-06-15 23:33:17 +0300"
    },
    "done": true
  },
  "create:recipes/misc/crafting/kinetics/display_board": {
    "criteria": {
      "has_item": "2025-06-15 23:30:40 +0300"
    },
    "done": true
  },
  "minecraft:recipes/building_blocks/oak_wood": {
    "criteria": {
      "has_log": "2025-06-15 22:40:08 +0300"
    },
    "done": true
  },
  "create:recipes/misc/crafting/kinetics/piston_extension_pole": {
    "criteria": {
      "has_item": "2025-06-15 23:30:40 +0300"
    },
    "done": true
  },
  "minecraft:recipes/redstone/heavy_weighted_pressure_plate": {
    "criteria": {
      "has_iron_ingot": "2025-06-16 00:38:53 +0300"
    },
    "done": true
  },
  "industrialrenewal:recipes/misc/battery_bank": {
    "criteria": {
      "has_item": "2025-06-16 00:38:53 +0300"
    },
    "done": true
  },
  "miniutilities:recipes/misc/mechanical_placer": {
    "criteria": {
      "has_item": "2025-06-15 22:54:05 +0300"
    },
    "done": true
  },
  "industrialrenewal:recipes/tools/screwdriver": {
    "criteria": {
      "has_item": "2025-06-16 00:38:53 +0300"
    },
    "done": true
  },
  "ae2:recipes/misc/network/blocks/crank": {
    "criteria": {
      "has_stick": "2025-06-15 22:49:20 +0300"
    },
    "done": true
  },
  "minecraft:recipes/building_blocks/bone_block": {
    "criteria": {
      "has_bone_meal": "2025-06-15 23:22:58 +0300"
    },
    "done": true
  },
  "minecraft:recipes/combat/iron_leggings": {
    "criteria": {
      "has_iron_ingot": "2025-06-16 00:38:53 +0300"
    },
    "done": true
  },
  "minecraft:recipes/building_blocks/coarse_dirt": {
    "criteria": {
      "has_gravel": "2025-06-16 00:33:07 +0300"
    },
    "done": true
  },
  "minecraft:recipes/building_blocks/light_gray_concrete_powder": {
    "criteria": {
      "has_sand": "2025-06-15 23:02:03 +0300"
    },
    "done": true
  },
  "minecraft:recipes/combat/leather_leggings": {
    "criteria": {
      "has_leather": "2025-06-16 00:43:13 +0300"
    },
    "done": true
  },
  "minecraft:recipes/combat/diamond_leggings": {
    "criteria": {
      "has_diamond": "2025-06-16 00:45:16 +0300"
    },
    "done": true
  },
  "create:recipes/misc/smelting/scoria": {
    "criteria": {
      "has_item": "2025-06-16 00:59:01 +0300"
    },
    "done": true
  },
  "create:recipes/misc/crafting/kinetics/analog_lever": {
    "criteria": {
      "has_item": "2025-06-15 23:30:40 +0300"
    },
    "done": true
  },
  "industrialrenewal:recipes/misc/energy_cable_mv": {
    "criteria": {
      "has_item": "2025-06-16 00:39:55 +0300"
    },
    "done": true
  },
  "create:recipes/misc/crafting/kinetics/cart_assembler": {
    "criteria": {
      "has_item": "2025-06-15 23:30:40 +0300"
    },
    "done": true
  },
  "miniutilities:recipes/misc/blue_lapis_caelestis": {
    "criteria": {
      "has_item": "2025-06-15 22:54:05 +0300"
    },
    "done": true
  },
  "miniutilities:recipes/misc/unstable_block": {
    "criteria": {
      "has_item": "2025-06-15 22:54:05 +0300"
    },
    "done": true
  },
  "compressium:recipes/building_blocks/gravel_1": {
    "criteria": {
      "has_gravel": "2025-06-16 00:33:07 +0300"
    },
    "done": true
  },
  "industrialrenewal:recipes/misc/energy_cable_hv": {
    "criteria": {
      "has_item": "2025-06-16 00:45:16 +0300"
    },
    "done": true
  },
  "miniutilities:recipes/misc/ender_dragon_angel_ring": {
    "criteria": {
      "has_item": "2025-06-15 22:54:05 +0300"
    },
    "done": true
  },
  "minecraft:recipes/building_blocks/brown_concrete_powder": {
    "criteria": {
      "has_sand": "2025-06-15 23:02:03 +0300"
    },
    "done": true
  },
  "tconstruct:recipes/combat/tools/armor/travelers_shield": {
    "criteria": {
      "has_item": "2025-06-16 00:43:13 +0300"
    },
    "done": true
  },
  "minecraft:recipes/building_blocks/light_blue_concrete_powder": {
    "criteria": {
      "has_sand": "2025-06-15 23:02:03 +0300"
    },
    "done": true
  },
  "tombstone:recipes/from_dark_marble": {
    "criteria": {
      "has_ingredient": "2025-06-16 00:39:58 +0300"
    },
    "done": true
  },
  "minecraft:recipes/building_blocks/glass": {
    "criteria": {
      "has_smelts_to_glass": "2025-06-15 22:38:38 +0300"
    },
    "done": true
  },
  "industrialrenewal:recipes/misc/conveyor_bulk_fast": {
    "criteria": {
      "has_item": "2025-06-16 00:38:53 +0300"
    },
    "done": true
  },
  "miniutilities:recipes/misc/lunar_panel": {
    "criteria": {
      "has_item": "2025-06-15 22:54:05 +0300"
    },
    "done": true
  },
  "minecraft:recipes/transportation/minecart": {
    "criteria": {
      "has_iron_ingot": "2025-06-16 00:38:53 +0300"
    },
    "done": true
  },
  "minecraft:recipes/tools/iron_hoe": {
    "criteria": {
      "has_iron_ingot": "2025-06-16 00:38:53 +0300"
    },
    "done": true
  },
  "ae2:recipes/misc/tools/nether_quartz_sword": {
    "criteria": {
      "has_nether_quartz": "2025-06-16 01:00:04 +0300"
    },
    "done": true
  },
  "minecraft:recipes/food/baked_potato": {
    "criteria": {
      "has_potato": "2025-06-15 22:57:57 +0300"
    },
    "done": true
  },
  "projecte:recipes/misc/conversions/diamond_to_emerald": {
    "criteria": {
      "has_diamond": "2025-06-16 00:45:16 +0300"
    },
    "done": true
  },
  "minecraft:recipes/combat/arrow": {
    "criteria": {
      "has_flint": "2025-06-15 22:42:56 +0300"
    },
    "done": true
  },
  "miniutilities:recipes/misc/flame_lily_to_blaze_powder": {
    "criteria": {
      "has_item": "2025-06-15 22:54:05 +0300"
    },
    "done": true
  },
  "tconstruct:recipes/redstone/common/glass/vanilla/daylight_detector": {
    "criteria": {
      "has_quartz": "2025-06-16 01:00:04 +0300"
    },
    "done": true
  },
  "miniutilities:recipes/misc/redstone_glass": {
    "criteria": {
      "has_item": "2025-06-15 22:54:05 +0300"
    },
    "done": true
  },
  "miniutilities:recipes/misc/purple_lapis_caelestis": {
    "criteria": {
      "has_item": "2025-06-15 22:54:05 +0300"
    },
    "done": true
  },
  "minecraft:recipes/decorations/andesite_wall_from_andesite_stonecutting": {
    "criteria": {
      "has_andesite": "2025-06-15 22:59:43 +0300"
    },
    "done": true
  },
  "miniutilities:recipes/misc/erosion_shovel": {
    "criteria": {
      "has_item": "2025-06-15 22:54:05 +0300"
    },
    "done": true
  },
  "minecraft:recipes/tools/fishing_rod": {
    "criteria": {
      "has_string": "2025-06-15 22:46:30 +0300"
    },
    "done": true
  },
  "minecraft:recipes/building_blocks/red_sandstone": {
    "criteria": {
      "has_sand": "2025-06-15 22:38:38 +0300"
    },
    "done": true
  },
  "create:recipes/building_blocks/andesite_from_stone_types_andesite_stonecutting": {
    "criteria": {
      "has_stone_types_andesite": "2025-06-15 22:59:43 +0300"
    },
    "done": true
  },
  "create:recipes/building_blocks/cut_andesite_from_stone_types_andesite_stonecutting": {
    "criteria": {
      "has_stone_types_andesite": "2025-06-15 22:59:43 +0300"
    },
    "done": true
  },
  "miniutilities:recipes/misc/experience_pearl_2x": {
    "criteria": {
      "has_item": "2025-06-15 22:54:05 +0300"
    },
    "done": true
  },
  "minecraft:recipes/building_blocks/oak_stairs": {
    "criteria": {
      "has_planks": "2025-06-15 22:53:01 +0300"
    },
    "done": true
  },
  "minecraft:recipes/building_blocks/polished_andesite_slab_from_andesite_stonecutting": {
    "criteria": {
      "has_andesite": "2025-06-15 22:59:43 +0300"
    },
    "done": true
  },
  "miniutilities:recipes/misc/experience_pearl_1x": {
    "criteria": {
      "has_item": "2025-06-15 22:54:05 +0300"
    },
    "done": true
  },
  "miniutilities:recipes/misc/experience_pearl_4x": {
    "criteria": {
      "has_item": "2025-06-15 22:54:05 +0300"
    },
    "done": true
  },
  "miniutilities:recipes/misc/quantum_quarry": {
    "criteria": {
      "has_item": "2025-06-15 22:54:05 +0300"
    },
    "done": true
  },
  "minecraft:recipes/decorations/chain": {
    "criteria": {
      "has_iron_nugget": "2025-06-16 00:33:52 +0300"
    },
    "done": true
  },
  "projecte:recipes/misc/low_covalence_dust": {
    "criteria": {
      "has_cobble": "2025-06-15 22:54:05 +0300"
    },
    "done": true
  },
  "minecraft:recipes/decorations/oak_fence": {
    "criteria": {
      "has_planks": "2025-06-15 22:53:01 +0300"
    },
    "done": true
  },
  "miniutilities:recipes/misc/experience_pearl_3x": {
    "criteria": {
      "has_item": "2025-06-15 22:54:05 +0300"
    },
    "done": true
  },
  "miniutilities:recipes/misc/experience_pearl_6x": {
    "criteria": {
      "has_item": "2025-06-15 22:54:05 +0300"
    },
    "done": true
  },
  "miniutilities:recipes/misc/experience_pearl_5x": {
    "criteria": {
      "has_item": "2025-06-15 22:54:05 +0300"
    },
    "done": true
  },
  "exdeorum:recipes/misc/moss_block": {
    "criteria": {
      "has_item": "2025-06-15 22:57:54 +0300"
    },
    "done": true
  },
  "miniutilities:recipes/misc/wooden_spikes": {
    "criteria": {
      "has_item": "2025-06-15 22:54:05 +0300"
    },
    "done": true
  },
  "miniutilities:recipes/misc/experience_pearl_8x": {
    "criteria": {
      "has_item": "2025-06-15 22:54:05 +0300"
    },
    "done": true
  },
  "minecraft:recipes/building_blocks/sandstone_stairs_from_sandstone_stonecutting": {
    "criteria": {
      "has_sandstone": "2025-06-15 22:40:39 +0300"
    },
    "done": true
  },
  "enderio:recipes/misc/stick": {
    "criteria": {
      "has_ingredient": "2025-06-15 22:40:08 +0300"
    },
    "done": true
  },
  "miniutilities:recipes/misc/experience_pearl_7x": {
    "criteria": {
      "has_item": "2025-06-15 22:54:05 +0300"
    },
    "done": true
  },
  "ad_astra:recipes/compressing/compressing/iron_plate_from_compressing_iron_ingot": {
    "criteria": {
      "has_item": "2025-06-16 00:38:53 +0300"
    },
    "done": true
  },
  "minecraft:recipes/decorations/smithing_table": {
    "criteria": {
      "has_iron_ingot": "2025-06-16 00:38:53 +0300"
    },
    "done": true
  },
  "ae2:recipes/misc/tools/nether_quartz_wrench": {
    "criteria": {
      "has_nether_quartz": "2025-06-16 01:00:04 +0300"
    },
    "done": true
  },
  "minecraft:recipes/misc/green_dye": {
    "criteria": {
      "has_cactus": "2025-06-15 23:19:48 +0300"
    },
    "done": true
  },
  "create:recipes/misc/crafting/logistics/andesite_tunnel": {
    "criteria": {
      "has_item": "2025-06-15 23:30:40 +0300"
    },
    "done": true
  },
  "miniutilities:recipes/misc/dark_reverse_to_dark_regular": {
    "criteria": {
      "has_item": "2025-06-15 22:54:05 +0300"
    },
    "done": true
  },
  "compressium:recipes/building_blocks/andesite_1": {
    "criteria": {
      "has_andesite": "2025-06-15 22:59:43 +0300"
    },
    "done": true
  },
  "tconstruct:recipes/decorations/common/gold_platform": {
    "criteria": {
      "has_gold": "2025-06-16 00:39:55 +0300"
    },
    "done": true
  },
  "minecraft:husbandry/root": {
    "criteria": {
      "consumed_item": "2025-06-15 23:53:12 +0300"
    },
    "done": true
  },
  "minecraft:recipes/transportation/birch_boat": {
    "criteria": {
      "in_water": "2025-06-15 23:35:03 +0300"
    },
    "done": true
  },
  "minecraft:recipes/transportation/oak_boat": {
    "criteria": {
      "in_water": "2025-06-15 23:35:03 +0300"
    },
    "done": true
  },
  "tconstruct:recipes/redstone/smeltery/scorched/duct": {
    "criteria": {
      "has_item": "2025-06-16 00:39:55 +0300"
    },
    "done": true
  },
  "miniutilities:recipes/misc/gold_spikes": {
    "criteria": {
      "has_item": "2025-06-15 22:54:05 +0300"
    },
    "done": true
  },
  "exdeorum:recipes/misc/andesite": {
    "criteria": {
      "has_item": "2025-06-15 22:57:54 +0300"
    },
    "done": true
  },
  "create:recipes/misc/crafting/kinetics/windmill_bearing": {
    "criteria": {
      "has_item": "2025-06-15 23:30:40 +0300"
    },
    "done": true
  },
  "minecraft:recipes/redstone/oak_button": {
    "criteria": {
      "has_planks": "2025-06-15 22:53:01 +0300"
    },
    "done": true
  },
  "create:recipes/misc/crafting/kinetics/basin": {
    "criteria": {
      "has_item": "2025-06-15 23:30:40 +0300"
    },
    "done": true
  },
  "create:recipes/misc/crafting/materials/zinc_block_from_compacting": {
    "criteria": {
      "has_item": "2025-06-15 23:22:50 +0300"
    },
    "done": true
  },
  "projecte:recipes/misc/conversions/diamond_to_gold_ingot": {
    "criteria": {
      "has_diamond": "2025-06-16 00:45:16 +0300"
    },
    "done": true
  },
  "tombstone:adventure/create_grave_marble": {
    "criteria": {
      "has_grave_marble": "2025-06-16 00:39:58 +0300"
    },
    "done": true
  },
  "create:recipes/misc/crafting/logistics/andesite_funnel": {
    "criteria": {
      "has_item": "2025-06-15 23:30:40 +0300"
    },
    "done": true
  },
  "minecraft:recipes/redstone/observer": {
    "criteria": {
      "has_quartz": "2025-06-16 01:00:04 +0300"
    },
    "done": true
  },
  "minecraft:recipes/decorations/torch": {
    "criteria": {
      "has_stone_pickaxe": "2025-06-16 00:16:48 +0300"
    },
    "done": true
  },
  "create:recipes/building_blocks/polished_cut_andesite_slab_from_stone_types_andesite_stonecutting": {
    "criteria": {
      "has_stone_types_andesite": "2025-06-15 22:59:43 +0300"
    },
    "done": true
  },
  "miniutilities:recipes/misc/dark_regular_to_dark_reverse": {
    "criteria": {
      "has_item": "2025-06-15 22:54:05 +0300"
    },
    "done": true
  },
  "minecraft:recipes/building_blocks/andesite_stairs_from_andesite_stonecutting": {
    "criteria": {
      "has_andesite": "2025-06-15 22:59:43 +0300"
    },
    "done": true
  },
  "minecraft:recipes/building_blocks/spruce_planks": {
    "criteria": {
      "has_logs": "2025-06-16 00:54:49 +0300"
    },
    "done": true
  },
  "tconstruct:recipes/redstone/smeltery/seared/duct": {
    "criteria": {
      "has_item": "2025-06-16 00:39:55 +0300"
    },
    "done": true
  },
  "miniutilities:recipes/misc/chorus_opinium_core": {
    "criteria": {
      "has_item": "2025-06-15 22:54:05 +0300"
    },
    "done": true
  },
  "miniutilities:recipes/misc/dark_ethereal_glass": {
    "criteria": {
      "has_item": "2025-06-15 22:54:05 +0300"
    },
    "done": true
  },
  "miniutilities:recipes/misc/solar_panel_controller": {
    "criteria": {
      "has_item": "2025-06-15 22:54:05 +0300"
    },
    "done": true
  },
  "tconstruct:recipes/combat/gadgets/shuriken/quartz_shuriken": {
    "criteria": {
      "has_item": "2025-06-16 01:00:04 +0300"
    },
    "done": true
  },
  "create:recipes/misc/crafting/kinetics/mechanical_mixer": {
    "criteria": {
      "has_item": "2025-06-15 23:30:40 +0300"
    },
    "done": true
  },
  "create:recipes/decorations/andesite_ladder_from_andesite_alloy_stonecutting": {
    "criteria": {
      "has_andesite_alloy": "2025-06-15 23:30:40 +0300"
    },
    "done": true
  },
  "miniutilities:recipes/misc/red_lapis_caelestis": {
    "criteria": {
      "has_item": "2025-06-15 22:54:05 +0300"
    },
    "done": true
  },
  "industrialrenewal:recipes/misc/catwalk_column": {
    "criteria": {
      "has_item": "2025-06-16 00:38:53 +0300"
    },
    "done": true
  },
  "miniutilities:recipes/misc/diamond_spikes": {
    "criteria": {
      "has_item": "2025-06-15 22:54:05 +0300"
    },
    "done": true
  },
  "industrialrenewal:recipes/building_blocks/radiation_hazard": {
    "criteria": {
      "has_item": "2025-06-16 00:38:53 +0300"
    },
    "done": true
  },
  "create:recipes/building_blocks/cut_andesite_stairs_from_stone_types_andesite_stonecutting": {
    "criteria": {
      "has_stone_types_andesite": "2025-06-15 22:59:43 +0300"
    },
    "done": true
  },
  "industrialrenewal:recipes/misc/conveyor_bulk_basic": {
    "criteria": {
      "has_item": "2025-06-16 00:38:53 +0300"
    },
    "done": true
  },
  "create_connected:recipes/crafting/kinetics/crank_wheel": {
    "criteria": {
      "has_item": "2025-06-15 23:38:11 +0300"
    },
    "done": true
  },
  "miniutilities:recipes/misc/black_lapis_caelestis": {
    "criteria": {
      "has_item": "2025-06-15 22:54:05 +0300"
    },
    "done": true
  },
  "industrialrenewal:recipes/misc/steam_turbine": {
    "criteria": {
      "has_item": "2025-06-16 00:38:53 +0300"
    },
    "done": true
  },
  "industrialrenewal:recipes/building_blocks/block_hazard": {
    "criteria": {
      "has_item": "2025-06-16 00:38:53 +0300"
    },
    "done": true
  },
  "entangled:recipes/misc/block": {
    "criteria": {
      "recipe_condition": "2025-06-16 00:45:22 +0300"
    },
    "done": true
  },
  "miniutilities:recipes/misc/netherite_reinforced_drum": {
    "criteria": {
      "has_item": "2025-06-15 22:54:05 +0300"
    },
    "done": true
  },
  "miniutilities:recipes/misc/light_blue_lapis_caelestis": {
    "criteria": {
      "has_item": "2025-06-15 22:54:05 +0300"
    },
    "done": true
  },
  "minecraft:recipes/building_blocks/polished_andesite": {
    "criteria": {
      "has_andesite": "2025-06-15 22:59:43 +0300"
    },
    "done": true
  },
  "create:recipes/misc/crafting/kinetics/cogwheel": {
    "criteria": {
      "has_item": "2025-06-15 23:30:40 +0300"
    },
    "done": true
  },
  "minecraft:recipes/transportation/carrot_on_a_stick": {
    "criteria": {
      "has_carrot": "2025-06-15 22:57:54 +0300"
    },
    "done": true
  },
  "ironchest:recipes/decorations/upgrades/iron_to_gold_chest_upgrade": {
    "criteria": {
      "has_iron_ingot": "2025-06-16 00:38:53 +0300"
    },
    "done": true
  },
  "entangled:recipes/misc/item": {
    "criteria": {
      "recipe_condition": "2025-06-16 00:45:22 +0300"
    },
    "done": true
  },
  "miniutilities:recipes/misc/infused_chestplate": {
    "criteria": {
      "has_item": "2025-06-15 22:54:05 +0300"
    },
    "done": true
  },
  "create:recipes/misc/crafting/kinetics/contraption_controls": {
    "criteria": {
      "has_item": "2025-06-15 23:30:40 +0300"
    },
    "done": true
  },
  "miniutilities:recipes/misc/iron_opinium_core": {
    "criteria": {
      "has_item": "2025-06-15 22:54:05 +0300"
    },
    "done": true
  },
  "minecraft:recipes/building_blocks/white_wool_from_string": {
    "criteria": {
      "has_string": "2025-06-15 22:46:30 +0300"
    },
    "done": true
  },
  "industrialrenewal:recipes/building_blocks/caution_hazard": {
    "criteria": {
      "has_item": "2025-06-16 00:38:53 +0300"
    },
    "done": true
  },
  "miniutilities:recipes/misc/solar_panel": {
    "criteria": {
      "has_item": "2025-06-15 22:54:05 +0300"
    },
    "done": true
  },
  "miniutilities:recipes/misc/infused_helmet": {
    "criteria": {
      "has_item": "2025-06-15 22:54:05 +0300"
    },
    "done": true
  },
  "create:recipes/misc/crafting/kinetics/vertical_gearbox": {
    "criteria": {
      "has_item": "2025-06-15 23:38:11 +0300"
    },
    "done": true
  },
  "minecraft:recipes/building_blocks/gray_concrete_powder": {
    "criteria": {
      "has_sand": "2025-06-15 23:02:03 +0300"
    },
    "done": true
  },
  "create:recipes/building_blocks/oak_window": {
    "criteria": {
      "has_ingredient": "2025-06-15 22:53:01 +0300"
    },
    "done": true
  },
  "industrialrenewal:recipes/misc/catwalk_hatch": {
    "criteria": {
      "has_item": "2025-06-16 00:38:53 +0300"
    },
    "done": true
  },
  "minecraft:recipes/decorations/sandstone_wall": {
    "criteria": {
      "has_sandstone": "2025-06-15 22:40:39 +0300"
    },
    "done": true
  },
  "minecraft:recipes/decorations/andesite_wall": {
    "criteria": {
      "has_andesite": "2025-06-15 22:59:43 +0300"
    },
    "done": true
  },
  "minecraft:recipes/building_blocks/andesite_slab": {
    "criteria": {
      "has_andesite": "2025-06-15 22:59:43 +0300"
    },
    "done": true
  },
  "create:recipes/misc/crafting/kinetics/metal_bracket": {
    "criteria": {
      "has_item": "2025-06-15 23:30:40 +0300"
    },
    "done": true
  },
  "minecraft:recipes/building_blocks/cobblestone_stairs_from_cobblestone_stonecutting": {
    "criteria": {
      "has_cobblestone": "2025-06-15 22:54:05 +0300"
    },
    "done": true
  },
  "enderio:recipes/misc/pressurized_fluid_tank": {
    "criteria": {
      "has_ingredient": "2025-06-16 00:38:53 +0300"
    },
    "done": true
  },
  "miniutilities:recipes/misc/infused_boots": {
    "criteria": {
      "has_item": "2025-06-15 22:54:05 +0300"
    },
    "done": true
  },
  "minecraft:recipes/decorations/enchanting_table": {
    "criteria": {
      "has_obsidian": "2025-06-16 01:28:59 +0300"
    },
    "done": true
  },
  "minecraft:recipes/tools/stone_hoe": {
    "criteria": {
      "has_cobblestone": "2025-06-15 22:54:05 +0300"
    },
    "done": true
  },
  "buildinggadgets2:recipes/misc/gadget_exchanging": {
    "criteria": {
      "has_diamond": "2025-06-16 00:45:16 +0300"
    },
    "done": true
  },
  "minecraft:recipes/decorations/loom": {
    "criteria": {
      "has_string": "2025-06-15 22:46:30 +0300"
    },
    "done": true
  },
  "minecraft:recipes/tools/diamond_axe": {
    "criteria": {
      "has_diamond": "2025-06-16 00:45:16 +0300"
    },
    "done": true
  },
  "industrialrenewal:recipes/misc/storage_chest": {
    "criteria": {
      "has_item": "2025-06-16 00:38:53 +0300"
    },
    "done": true
  },
  "minecraft:recipes/decorations/scaffolding": {
    "criteria": {
      "has_bamboo": "2025-06-15 23:33:17 +0300"
    },
    "done": true
  },
  "industrialrenewal:recipes/misc/electric_pump": {
    "criteria": {
      "has_item": "2025-06-16 00:38:53 +0300"
    },
    "done": true
  },
  "rechiseled:recipes/misc/chisel": {
    "criteria": {
      "recipe_condition": "2025-06-16 00:38:53 +0300"
    },
    "done": true
  },
  "buildinggadgets2:recipes/misc/gadget_copy_paste": {
    "criteria": {
      "has_emerald": "2025-06-16 00:45:16 +0300"
    },
    "done": true
  },
  "miniutilities:recipes/misc/gray_lapis_caelestis": {
    "criteria": {
      "has_item": "2025-06-15 22:54:05 +0300"
    },
    "done": true
  },
  "minecraft:recipes/combat/golden_leggings": {
    "criteria": {
      "has_gold_ingot": "2025-06-16 00:39:55 +0300"
    },
    "done": true
  },
  "DataVersion": 3465
}