{"stats":{"minecraft:crafted":{"miniutilities:diamond_opinium_core":2,"minecraft:oak_planks":195,"minecraft:cobblestone_slab":162,"quark:sturdy_stone":16,"minecraft:furnace":1,"create:andesite_casing":54,"minecraft:stone":3,"exdeorum:unfired_porcelain_crucible":1,"miniutilities:gold_opinium_core":7,"miniutilities:stone_opinium_core":36,"create:deployer":1,"kubejs:algal_brick":65,"minecraft:diamond":10,"create:mechanical_press":1,"create:millstone":1,"minecraft:stone_pickaxe":1,"minecraft:chest":5,"kubejs:andesite_machine":6,"compressium:stone_1":3,"create:cogwheel":54,"exdeorum:porcelain_crucible":1,"create:brass_hand":1,"kubejs:algal_blend":192,"minecraft:oak_slab":54,"woodenhopper:wooden_hopper":1,"create:andesite_alloy":74,"cb_microblock:stone_rod":4,"minecraft:emerald":2,"minecraft:spruce_planks":31,"minecraft:wooden_pickaxe":4,"minecraft:baked_potato":1,"create:large_water_wheel":1,"create:zinc_nugget":90,"minecraft:smithing_table":1,"minecraft:golden_pickaxe":1,"miniutilities:iron_opinium_core":18,"minecraft:stone_axe":1,"minecraft:air":1595,"rechiseled:chisel":1,"exdeorum:porcelain_clay_ball":11,"create:encased_fan":1,"compressium:dirt_1":7,"createsifter:sifter":1,"miniutilities:wooden_opinium_core":68,"minecraft:charcoal":9,"minecraft:diamond_pickaxe":1,"minecraft:cobblestone":9,"create:water_wheel":1,"exdeorum:porcelain_bucket":1,"minecraft:stick":5,"minecraft:stone_slab":22,"minecraft:iron_ingot":5,"create:raw_zinc":5,"minecraft:iron_pickaxe":1,"minecraft:wooden_axe":3,"create:zinc_block":1,"compressium:cobblestone_1":15,"minecraft:gold_ingot":40,"create:large_cogwheel":12,"create:propeller":2,"kubejs:kinetic_mechanism":32,"create:shaft":21,"kubejs:flint_saw":1,"create:zinc_ingot":66},"minecraft:mined":{"create:millstone":5,"minecraft:obsidian":1,"pamhc2trees:spiderweb_sapling":2,"create:large_cogwheel":16,"minecraft:redstone_wire":1,"create:encased_fan":14,"minecraft:spruce_leaves":3,"create:shaft":10,"pamhc2trees:pamspiderweb":7,"minecraft:spruce_sapling":1,"minecraft:furnace":1,"minecraft:carrots":1,"minecraft:fire":9,"minecraft:stripped_spruce_log":10,"minecraft:cobblestone_slab":46,"create:deployer":6,"minecraft:stripped_oak_log":13,"minecraft:bamboo":16,"minecraft:stone":75,"create:mechanical_press":10,"minecraft:oak_slab":9,"create:cogwheel":35,"minecraft:soul_sand":2,"minecraft:stone_brick_slab":1,"minecraft:clay":4,"minecraft:crafting_table":1,"create:water_wheel":6,"minecraft:stone_slab":14,"minecraft:cobblestone":22,"minecraft:oak_planks":1,"minecraft:sugar_cane":16,"minecraft:diorite":1,"ironchest:dirt_chest":1,"projecte:transmutation_table":1,"createsifter:sifter":5,"quark:paper_wall":1,"compressium:cobblestone_1":1,"exdeorum:dust":5,"minecraft:spruce_log":11,"exdeorum:oak_barrel":2,"minecraft:oak_log":19,"minecraft:sand":2,"minecraft:oak_leaves":13},"minecraft:custom":{"minecraft:interact_with_smithing_table":13,"minecraft:interact_with_crafting_table":101,"minecraft:damage_dealt_resisted":0,"minecraft:leave_game":2,"minecraft:time_since_death":55286,"minecraft:damage_resisted":0,"minecraft:sprint_one_cm":282985,"minecraft:walk_one_cm":390281,"minecraft:drop":101,"minecraft:play_time":285480,"minecraft:sneak_time":22054,"minecraft:deaths":3,"minecraft:walk_under_water_one_cm":5314,"minecraft:jump":1549,"minecraft:walk_on_water_one_cm":16612,"minecraft:total_world_time":285480,"minecraft:interact_with_furnace":37,"minecraft:sleep_in_bed":1,"minecraft:time_since_rest":55316,"minecraft:damage_absorbed":3,"minecraft:damage_taken":1910,"minecraft:damage_dealt":876,"minecraft:player_kills":3,"minecraft:swim_one_cm":5228,"minecraft:fly_one_cm":164984,"minecraft:open_chest":263,"minecraft:crouch_one_cm":68074,"minecraft:fall_one_cm":87901},"minecraft:used":{"create:deployer":6,"minecraft:red_sand":6,"minecraft:redstone":1,"minecraft:chest":4,"minecraft:stone":70,"exdeorum:witch_water_bucket":1,"minecraft:soul_sand":35,"minecraft:dirt":1,"exdeorum:porcelain_bucket":1,"create:cogwheel":59,"compressium:dirt_1":1,"minecraft:carrot":64,"minecraft:wooden_axe":67,"minecraft:lava_bucket":3,"create:millstone":5,"exdeorum:porcelain_crucible":1,"minecraft:written_book":1,"create:shaft":13,"minecraft:oak_sapling":10,"minecraft:furnace":2,"tombstone:gift":1,"minecraft:potato":35,"pamhc2trees:spiderweb_sapling":2,"minecraft:water_bucket":2,"minecraft:glass_bottle":14,"minecraft:baked_potato":1,"compressium:cobblestone_1":1,"minecraft:wooden_pickaxe":178,"minecraft:clay":4,"minecraft:cobblestone_slab":152,"minecraft:cookie":1,"create:encased_fan":16,"minecraft:oak_slab":11,"minecraft:crafting_table":1,"minecraft:spruce_log":11,"quark:paper_wall":1,"exdeorum:dust":14,"minecraft:oak_log":14,"exdeorum:oak_barrel":2,"minecraft:diamond_pickaxe":102,"create:mechanical_press":10,"minecraft:iron_pickaxe":1,"create:water_wheel":6,"minecraft:stone_slab":159,"create:large_water_wheel":1,"createsifter:sifter":6,"projecte:philosophers_stone":71,"minecraft:stone_axe":18,"minecraft:cobblestone":10,"minecraft:smithing_table":1,"minecraft:bucket":10,"create:large_cogwheel":40},"minecraft:dropped":{"minecraft:water_bucket":1,"minecraft:iron_ingot":1,"minecraft:soul_sand":31,"minecraft:wheat_seeds":4,"minecraft:lapis_lazuli":2,"minecraft:oak_log":7,"minecraft:diamond":1,"exdeorum:mycelium_spores":1,"kubejs:algal_blend":96,"exdeorum:zinc_ore_chunk":4,"create:cogwheel":1,"exdeorum:golden_mesh":1,"exdeorum:iron_mesh":1,"minecraft:emerald":1,"exdeorum:crimson_nylium_spores":1,"exdeorum:dust":64,"minecraft:wooden_axe":3,"minecraft:dead_bush":3,"minecraft:jungle_sapling":1,"pamhc2trees:spiderweb_sapling":3,"exdeorum:granite_pebble":1,"projecte:philosophers_stone":2,"create:large_cogwheel":1,"ad_astra:ice_shard":1,"minecraft:cactus":1,"minecraft:pink_petals":3,"exdeorum:stone_pebble":16,"minecraft:bucket":5,"create:raw_zinc":1,"minecraft:gold_ingot":5,"minecraft:redstone":1,"minecraft:kelp":1,"exdeorum:diamond_mesh":1,"minecraft:sugar_cane":3,"exdeorum:string_mesh":1,"projecte:transmutation_table":1,"minecraft:oak_planks":1,"ironchest:dirt_chest":1,"minecraft:pumpkin_seeds":1,"minecraft:potato":29,"kubejs:algal_brick":1,"create:zinc_ingot":25,"exdeorum:warped_nylium_spores":1,"minecraft:melon_seeds":4,"exdeorum:diorite_pebble":13,"minecraft:bamboo":4,"rechiseled:chisel":1,"exdeorum:andesite_pebble":6,"minecraft:wooden_pickaxe":1,"minecraft:written_book":1,"createaddition:zinc_sheet":1,"create:andesite_alloy":15},"minecraft:picked_up":{"minecraft:crafting_table":1,"exdeorum:mycelium_spores":1,"exdeorum:dust":20,"minecraft:nether_wart":1,"minecraft:clay_ball":148,"minecraft:stone_slab":12,"minecraft:wooden_pickaxe":1,"exdeorum:oak_barrel":2,"minecraft:string":9,"exdeorum:granite_pebble":14,"pamhc2trees:spiderweb_sapling":2,"create:water_wheel":6,"create:mechanical_press":10,"exdeorum:zinc_ore_chunk":54,"miniutilities:stone_opinium_core":1,"minecraft:cobblestone_slab":55,"minecraft:written_book":1,"minecraft:jungle_sapling":5,"minecraft:azalea":37,"minecraft:iron_nugget":17,"minecraft:sugar_cane":19,"minecraft:birch_sapling":1,"ironchest:dirt_chest":1,"minecraft:furnace":1,"minecraft:dark_oak_sapling":43,"minecraft:stick":7,"minecraft:stone":105,"create:golden_sheet":4,"minecraft:big_dripleaf":9,"minecraft:carrot":90,"minecraft:redstone":1,"create:zinc_ingot":12,"create:deployer":6,"create:large_cogwheel":17,"minecraft:cactus":4,"minecraft:beetroot_seeds":1,"exdeorum:diorite_pebble":16,"exdeorum:andesite_pebble":6,"minecraft:obsidian":28,"minecraft:cobblestone":82,"minecraft:stripped_oak_log":12,"minecraft:pink_petals":3,"kubejs:algal_brick":48,"minecraft:potato":63,"minecraft:flint":31,"create:raw_zinc":1,"minecraft:oak_log":94,"create:andesite_alloy":24,"minecraft:gunpowder":3,"minecraft:lapis_lazuli":1,"minecraft:dirt":47,"minecraft:kelp":128,"minecraft:wheat_seeds":6,"exdeorum:stone_pebble":30,"projecte:philosophers_stone":2,"minecraft:iron_ingot":264,"kubejs:algal_blend":48,"create:shaft":9,"minecraft:bamboo":76,"minecraft:oak_planks":9,"minecraft:flowering_azalea":21,"minecraft:soul_sand":2,"minecraft:oak_slab":11,"create:cogwheel":34,"createsifter:zinc_mesh":1,"miniutilities:diamond_opinium_core":3,"minecraft:quartz":4,"minecraft:poisonous_potato":2,"minecraft:gravel":9,"minecraft:sand":1,"minecraft:stripped_spruce_log":10,"minecraft:spruce_sapling":1,"minecraft:dead_bush":4,"minecraft:spruce_log":9,"create:millstone":5,"createaddition:zinc_sheet":12,"minecraft:pumpkin_seeds":1,"exdeorum:warped_nylium_spores":1,"minecraft:clay":4,"minecraft:diamond":6,"quark:paper_wall":1,"create:encased_fan":14,"compressium:cobblestone_1":1,"createsifter:sifter":5,"minecraft:bone_meal":3,"minecraft:cherry_sapling":16,"exdeorum:crimson_nylium_spores":1,"projecte:transmutation_table":1,"minecraft:oak_sapling":20,"minecraft:melon_seeds":4,"minecraft:mangrove_propagule":15},"minecraft:killed_by":{"minecraft:player":2},"minecraft:broken":{"minecraft:wooden_pickaxe":3}},"DataVersion":3465}