{"stats":{"minecraft:crafted":{"minecraft:oak_planks":69,"minecraft:cobblestone_slab":6,"minecraft:stone_shovel":1,"miniutilities:stone_opinium_core":6,"minecraft:flint_and_steel":1,"kubejs:algal_brick":3,"minecraft:leather":3,"exdeorum:string_mesh":1,"pamhc2foodcore:grinderitem":1,"minecraft:stone_pickaxe":1,"create:cogwheel":1,"kubejs:algal_blend":4,"create:andesite_alloy":2,"minecraft:wooden_shovel":1,"cb_microblock:stone_rod":3,"minecraft:baked_potato":4,"minecraft:wooden_pickaxe":1,"create:zinc_nugget":18,"minecraft:stone_axe":1,"minecraft:air":136,"miniutilities:wooden_opinium_core":20,"exdeorum:flint_mesh":1,"minecraft:stick":12,"minecraft:stone_slab":66,"create:raw_zinc":1,"tombstone:dark_marble":1,"minecraft:wooden_axe":1,"minecraft:gold_ingot":1,"minecraft:sandstone":97,"exdeorum:dust":16,"minecraft:andesite":7,"create:shaft":8,"kubejs:flint_saw":1},"minecraft:custom":{"minecraft:interact_with_crafting_table":18,"minecraft:damage_dealt_resisted":0,"minecraft:leave_game":1,"minecraft:time_since_death":59835,"minecraft:sprint_one_cm":316942,"minecraft:walk_one_cm":434649,"minecraft:drop":93,"minecraft:play_time":282168,"minecraft:deaths":6,"minecraft:sneak_time":13560,"minecraft:walk_under_water_one_cm":5979,"minecraft:jump":2661,"minecraft:walk_on_water_one_cm":27882,"minecraft:total_world_time":282168,"minecraft:interact_with_furnace":8,"minecraft:time_since_rest":59862,"minecraft:damage_taken":2119,"minecraft:damage_absorbed":8,"minecraft:damage_dealt":1119,"minecraft:swim_one_cm":5082,"minecraft:fly_one_cm":304372,"minecraft:player_kills":4,"minecraft:open_chest":97,"minecraft:crouch_one_cm":41149,"minecraft:fall_one_cm":164788},"minecraft:mined":{"minecraft:oak_sapling":1,"pamhc2trees:spiderweb_sapling":2,"create:large_cogwheel":2,"minecraft:spruce_leaves":10,"pamhc2trees:pamspiderweb":2,"minecraft:fire":4,"minecraft:cobblestone_slab":2,"create:deployer":2,"create:cogwheel":2,"minecraft:clay":2,"minecraft:cobblestone":5,"createsifter:sifter":1,"minecraft:oak_log":11,"minecraft:gravel":105,"minecraft:sand":22,"minecraft:dirt":1},"minecraft:used":{"create:deployer":2,"minecraft:red_sand":1,"minecraft:flint_and_steel":3,"minecraft:stone_shovel":107,"tombstone:dark_marble":1,"minecraft:stone":3,"minecraft:soul_campfire":1,"minecraft:dirt":65,"exdeorum:porcelain_bucket":5,"create:cogwheel":10,"minecraft:lava_bucket":2,"exdeorum:porcelain_witch_water_bucket":3,"minecraft:sweet_berries":2,"tombstone:gift":4,"minecraft:potato":1,"pamhc2trees:spiderweb_sapling":3,"minecraft:water_bucket":20,"minecraft:diorite":1,"minecraft:stone_pickaxe":15,"minecraft:baked_potato":12,"minecraft:sandstone":105,"minecraft:clay":2,"minecraft:cobblestone_slab":8,"minecraft:cookie":1,"minecraft:sand":36,"minecraft:stone_slab":31,"minecraft:spruce_sapling":1,"createsifter:sifter":1,"minecraft:stone_axe":17,"projecte:philosophers_stone":175,"minecraft:cobblestone":22,"minecraft:bucket":23,"exdeorum:porcelain_lava_bucket":2,"exdeorum:mycelium_spores":7,"create:large_cogwheel":3},"minecraft:dropped":{"minecraft:stripped_spruce_log":1,"minecraft:wheat_seeds":2,"minecraft:lapis_lazuli":2,"minecraft:oak_log":3,"minecraft:diamond":6,"kubejs:algal_blend":48,"minecraft:cobblestone":29,"exdeorum:golden_mesh":1,"exdeorum:iron_mesh":1,"minecraft:stick":32,"minecraft:flint":2,"minecraft:diorite":2,"exdeorum:dust":21,"minecraft:bone_meal":5,"exdeorum:granite_pebble":6,"projecte:philosophers_stone":4,"minecraft:sand":2,"ad_astra:ice_shard":1,"minecraft:string":1,"exdeorum:stone_pebble":4,"create:raw_zinc":1,"minecraft:spruce_sapling":1,"minecraft:gravel":186,"exdeorum:diamond_mesh":1,"minecraft:iron_nugget":1,"miniutilities:stone_opinium_core":1,"exdeorum:string_mesh":2,"exdeorum:unfired_porcelain_bucket":4,"minecraft:obsidian":64,"minecraft:cherry_sapling":1,"minecraft:oak_planks":12,"minecraft:clay_ball":6,"exdeorum:flint_mesh":2,"minecraft:stripped_oak_log":1,"minecraft:pumpkin_seeds":1,"minecraft:potato":128,"minecraft:stone":14,"minecraft:gunpowder":1,"minecraft:melon_seeds":1,"minecraft:oak_sapling":1,"exdeorum:diorite_pebble":6,"minecraft:bamboo":1,"minecraft:spruce_log":1,"exdeorum:andesite_pebble":31,"create:andesite_alloy":9},"minecraft:picked_up":{"exdeorum:porcelain_bucket":2,"exdeorum:mycelium_spores":1,"exdeorum:dust":18,"minecraft:clay_ball":9,"exdeorum:grass_seeds":3,"minecraft:string":12,"exdeorum:string_mesh":1,"exdeorum:granite_pebble":82,"pamhc2trees:spiderweb_sapling":2,"minecraft:sea_pickle":1,"minecraft:cobblestone_slab":2,"exdeorum:zinc_ore_chunk":12,"minecraft:iron_nugget":1,"minecraft:sugar_cane":2,"minecraft:birch_sapling":3,"minecraft:stick":31,"minecraft:stone":3,"minecraft:pointed_dripstone":1,"minecraft:diorite":1,"minecraft:carrot":4,"create:zinc_ingot":60,"create:deployer":2,"create:large_cogwheel":3,"minecraft:cactus":4,"minecraft:beetroot_seeds":3,"exdeorum:diorite_pebble":34,"exdeorum:andesite_pebble":28,"minecraft:gold_ingot":1,"minecraft:obsidian":64,"minecraft:soul_campfire":1,"minecraft:cobblestone":5,"minecraft:stripped_oak_log":1,"minecraft:pink_petals":1,"kubejs:algal_brick":1,"minecraft:potato":71,"minecraft:flint":23,"minecraft:oak_log":75,"minecraft:lily_pad":2,"minecraft:lapis_lazuli":1,"minecraft:dirt":1,"minecraft:kelp":6,"minecraft:wheat_seeds":7,"exdeorum:stone_pebble":92,"minecraft:iron_ingot":128,"projecte:philosophers_stone":3,"kubejs:algal_blend":48,"create:shaft":1,"rechiseled:chisel":1,"minecraft:bamboo":1,"minecraft:oak_planks":8,"minecraft:soul_sand":60,"exdeorum:unfired_porcelain_bucket":2,"minecraft:sweet_berries":1,"create:cogwheel":7,"minecraft:gravel":186,"minecraft:sand":24,"minecraft:spruce_sapling":2,"minecraft:stripped_spruce_log":1,"createsifter:zinc_mesh":1,"minecraft:dead_bush":3,"minecraft:spruce_log":1,"minecraft:pumpkin_seeds":5,"minecraft:clay":2,"minecraft:bone_meal":5,"createsifter:sifter":1,"minecraft:cherry_sapling":66,"minecraft:baked_potato":64,"minecraft:oak_sapling":2,"minecraft:melon_seeds":7,"minecraft:ender_pearl":1},"minecraft:killed_by":{"minecraft:player":2}},"DataVersion":3465}