{"stats":{"minecraft:crafted":{"miniutilities:diamond_opinium_core":2,"minecraft:oak_planks":217,"minecraft:cobblestone_slab":162,"quark:sturdy_stone":16,"create:andesite_casing":54,"industrialforegoing:iron_gear":1,"minecraft:stone":3,"exdeorum:unfired_porcelain_crucible":1,"minecraft:lever":2,"miniutilities:gold_opinium_core":7,"create:deployer":1,"kubejs:algal_brick":160,"minecraft:glass":1,"create:mechanical_press":1,"minecraft:chest":6,"create:cogwheel":90,"exdeorum:porcelain_crucible":1,"create:brass_hand":1,"kubejs:algal_blend":192,"minecraft:oak_slab":68,"woodenhopper:wooden_hopper":1,"minecraft:emerald":2,"minecraft:spruce_planks":47,"create:mechanical_saw":1,"minecraft:baked_potato":1,"minecraft:wooden_pickaxe":4,"create:zinc_nugget":216,"minecraft:smithing_table":1,"minecraft:golden_pickaxe":1,"miniutilities:iron_opinium_core":18,"create:gearshift":1,"minecraft:campfire":1,"create:clutch":4,"cobblefordays:tier_1":1,"create:stressometer":1,"rechiseled:chisel":1,"create:encased_fan":2,"compressium:dirt_1":7,"createsifter:sifter":1,"minecraft:diamond_pickaxe":1,"minecraft:charcoal":9,"create:water_wheel":1,"exdeorum:porcelain_bucket":3,"minecraft:stick":30,"minecraft:stone_slab":32,"minecraft:iron_ingot":5,"minecraft:compass":2,"minecraft:iron_pickaxe":1,"minecraft:gold_ingot":40,"create:large_cogwheel":20,"create:propeller":4,"exdeorum:dust":1920,"minecraft:redstone_torch":1,"kubejs:kinetic_mechanism":53,"kubejs:flint_saw":1,"minecraft:iron_nugget":1,"create:white_sail":16,"create_connected:inverted_gearshift":1,"minecraft:furnace":1,"miniutilities:stone_opinium_core":36,"minecraft:diamond":10,"minecraft:spruce_slab":14,"create:millstone":1,"minecraft:stone_pickaxe":1,"kubejs:saw_blade":1,"kubejs:andesite_machine":12,"compressium:stone_1":3,"create:basin":1,"create:belt_connector":4,"create:windmill_bearing":1,"create:andesite_alloy":124,"cb_microblock:stone_rod":4,"create_connected:inverted_clutch":2,"minecraft:dried_kelp":10,"create:large_water_wheel":1,"minecraft:stone_axe":1,"minecraft:air":4127,"exdeorum:porcelain_clay_ball":11,"miniutilities:wooden_opinium_core":68,"minecraft:cobblestone":9,"create:raw_zinc":5,"minecraft:wooden_axe":3,"create:zinc_block":1,"compressium:cobblestone_1":15,"minecraft:stonecutter":1,"create:shaft":35,"create:zinc_ingot":67},"minecraft:broken":{"minecraft:wooden_pickaxe":3},"minecraft:custom":{"minecraft:interact_with_crafting_table":130,"minecraft:leave_game":4,"minecraft:time_since_death":24362,"minecraft:damage_resisted":0,"minecraft:sprint_one_cm":442807,"minecraft:drop":139,"minecraft:play_time":423842,"minecraft:deaths":4,"minecraft:jump":2738,"minecraft:walk_on_water_one_cm":34300,"minecraft:interact_with_furnace":60,"minecraft:sleep_in_bed":1,"minecraft:damage_dealt":1231,"minecraft:player_kills":3,"minecraft:crouch_one_cm":118241,"tombstone:undead_killed":1,"minecraft:interact_with_smithing_table":20,"minecraft:mob_kills":2,"minecraft:damage_dealt_resisted":0,"minecraft:walk_one_cm":606858,"minecraft:sneak_time":35150,"minecraft:walk_under_water_one_cm":5314,"minecraft:total_world_time":423842,"minecraft:time_since_rest":24386,"minecraft:damage_taken":3440,"minecraft:damage_absorbed":3,"minecraft:swim_one_cm":5228,"minecraft:fly_one_cm":367780,"minecraft:open_chest":311,"minecraft:fall_one_cm":198712},"minecraft:mined":{"minecraft:spruce_planks":2,"create:andesite_casing":2,"minecraft:obsidian":1,"pamhc2trees:spiderweb_sapling":2,"create:belt":8,"create:speedometer":7,"minecraft:fire":9,"create:gearshift":1,"create:mechanical_press":16,"minecraft:spruce_slab":19,"create_connected:inverted_clutch":1,"create:cogwheel":61,"minecraft:clay":4,"minecraft:torch":4,"minecraft:glass":1,"minecraft:cobblestone":27,"minecraft:sugar_cane":46,"minecraft:oak_planks":6,"create_mechanical_extruder:mechanical_extruder":2,"ironchest:dirt_chest":1,"createsifter:sifter":6,"exdeorum:dust":5,"minecraft:oak_log":19,"exdeorum:oak_barrel":2,"create:stressometer":7,"minecraft:sand":2,"create:clutch":2,"minecraft:oak_leaves":13,"create:millstone":8,"minecraft:lever":1,"create:large_cogwheel":44,"minecraft:redstone_wire":1,"create:encased_fan":24,"minecraft:soul_campfire":1,"minecraft:spruce_leaves":3,"create:shaft":24,"pamhc2trees:pamspiderweb":7,"minecraft:spruce_sapling":1,"minecraft:furnace":1,"minecraft:carrots":1,"create:white_sail":39,"minecraft:andesite":3,"minecraft:stripped_spruce_log":10,"create:windmill_bearing":6,"minecraft:cobblestone_slab":129,"minecraft:stripped_oak_log":13,"create:deployer":9,"minecraft:bamboo":16,"minecraft:stone":75,"minecraft:smithing_table":1,"minecraft:oak_slab":22,"minecraft:soul_sand":2,"minecraft:stone_brick_slab":1,"minecraft:crafting_table":1,"create:water_wheel":6,"minecraft:stone_slab":55,"minecraft:tall_grass":1,"minecraft:diorite":1,"projecte:transmutation_table":1,"create:mechanical_saw":2,"quark:paper_wall":1,"compressium:cobblestone_1":1,"minecraft:redstone_torch":4,"minecraft:spruce_log":11},"minecraft:picked_up":{"exdeorum:mycelium_spores":1,"exdeorum:dust":20,"minecraft:smithing_table":1,"minecraft:stone_slab":63,"kubejs:kinetic_mechanism":32,"minecraft:string":9,"minecraft:soul_soil":1,"pamhc2trees:spiderweb_sapling":2,"create:water_wheel":6,"create:mechanical_press":16,"minecraft:redstone_torch":4,"minecraft:written_book":1,"miniutilities:stone_opinium_core":1,"minecraft:cobblestone_slab":128,"minecraft:azalea":37,"minecraft:furnace":1,"minecraft:stick":7,"minecraft:big_dripleaf":9,"minecraft:torch":4,"create:andesite_casing":2,"minecraft:dried_kelp":64,"tombstone:grave_dust":1,"create:large_cogwheel":48,"minecraft:cactus":23,"minecraft:rotten_flesh":1,"minecraft:obsidian":28,"create:speedometer":7,"minecraft:cobblestone":86,"minecraft:pink_petals":3,"minecraft:andesite":5,"kubejs:algal_brick":48,"minecraft:potato":108,"create:belt_connector":7,"minecraft:flint":31,"create:raw_zinc":1,"minecraft:lapis_lazuli":329,"minecraft:dirt":47,"minecraft:bone":2,"minecraft:wheat_seeds":6,"projecte:philosophers_stone":3,"create:shaft":28,"minecraft:bamboo":76,"minecraft:oak_planks":28,"create:gearshift":1,"create:cogwheel":63,"miniutilities:diamond_opinium_core":3,"minecraft:poisonous_potato":2,"minecraft:sand":2,"minecraft:stripped_spruce_log":10,"createsifter:zinc_mesh":1,"minecraft:dead_bush":17,"minecraft:clay":4,"minecraft:diamond":6,"minecraft:lever":1,"createsifter:sifter":6,"minecraft:bone_meal":332,"exdeorum:crimson_nylium_spores":1,"projecte:transmutation_table":1,"minecraft:oak_sapling":20,"create:stressometer":7,"create:white_sail":35,"minecraft:diamond_pickaxe":2,"minecraft:crafting_table":1,"minecraft:nether_wart":1,"minecraft:clay_ball":148,"minecraft:wooden_pickaxe":1,"exdeorum:oak_barrel":2,"exdeorum:granite_pebble":14,"exdeorum:zinc_ore_chunk":54,"create:basin":1,"minecraft:jungle_sapling":5,"minecraft:iron_nugget":17,"minecraft:spruce_slab":13,"minecraft:sugar_cane":54,"minecraft:birch_sapling":1,"create:clutch":2,"ironchest:dirt_chest":1,"minecraft:dark_oak_sapling":43,"minecraft:stone":105,"create:golden_sheet":4,"create:windmill_bearing":6,"minecraft:carrot":254,"minecraft:redstone":310,"create:zinc_ingot":16,"create:deployer":9,"minecraft:beetroot_seeds":1,"exdeorum:diorite_pebble":16,"exdeorum:andesite_pebble":6,"minecraft:white_wool":1,"minecraft:stripped_oak_log":12,"create:iron_sheet":8,"minecraft:oak_log":94,"create:andesite_alloy":24,"minecraft:gunpowder":328,"minecraft:kelp":128,"exdeorum:stone_pebble":30,"kubejs:algal_blend":97,"minecraft:iron_ingot":264,"create_mechanical_extruder:mechanical_extruder":2,"minecraft:soul_sand":2,"minecraft:flowering_azalea":21,"create:mechanical_saw":2,"minecraft:oak_slab":17,"minecraft:quartz":4,"minecraft:gravel":9,"create_connected:inverted_clutch":1,"minecraft:amethyst_shard":18,"minecraft:spruce_sapling":1,"minecraft:spruce_log":9,"pamhc2foodcore:grinderitem":1,"createaddition:zinc_sheet":17,"create:millstone":7,"minecraft:pumpkin_seeds":1,"exdeorum:warped_nylium_spores":1,"quark:paper_wall":1,"create:encased_fan":24,"compressium:cobblestone_1":1,"minecraft:cherry_sapling":16,"minecraft:melon_seeds":4,"minecraft:mangrove_propagule":15},"minecraft:dropped":{"minecraft:soul_sand":31,"minecraft:lapis_lazuli":2,"minecraft:oak_log":7,"minecraft:diamond":1,"exdeorum:zinc_ore_chunk":4,"create:cogwheel":1,"exdeorum:golden_mesh":1,"minecraft:emerald":1,"exdeorum:crimson_nylium_spores":1,"exdeorum:dust":64,"minecraft:jungle_sapling":1,"pamhc2trees:spiderweb_sapling":3,"exdeorum:granite_pebble":1,"minecraft:bone_meal":8,"projecte:philosophers_stone":4,"minecraft:sand":1,"create_mechanical_extruder:mechanical_extruder":1,"create:large_cogwheel":2,"minecraft:gold_ingot":5,"minecraft:sugar_cane":3,"exdeorum:string_mesh":1,"minecraft:oak_planks":15,"create:white_sail":7,"ironchest:dirt_chest":1,"minecraft:melon_seeds":4,"exdeorum:warped_nylium_spores":1,"rechiseled:chisel":1,"minecraft:written_book":1,"createaddition:zinc_sheet":1,"create:andesite_alloy":15,"minecraft:water_bucket":1,"create:basin":1,"minecraft:iron_ingot":9,"minecraft:wheat_seeds":4,"exdeorum:mycelium_spores":1,"kubejs:algal_blend":194,"exdeorum:iron_mesh":1,"minecraft:wooden_axe":3,"tombstone:grave_dust":1,"minecraft:dead_bush":3,"ad_astra:ice_shard":1,"minecraft:cactus":1,"minecraft:pink_petals":3,"exdeorum:stone_pebble":16,"minecraft:bucket":5,"create:raw_zinc":1,"minecraft:redstone":1,"pamhc2foodcore:grinderitem":1,"exdeorum:diamond_mesh":1,"minecraft:kelp":87,"minecraft:soul_soil":1,"projecte:transmutation_table":1,"minecraft:pumpkin_seeds":1,"minecraft:potato":41,"kubejs:algal_brick":1,"create:zinc_ingot":34,"minecraft:diamond_pickaxe":2,"minecraft:andesite":2,"minecraft:redstone_torch":1,"exdeorum:diorite_pebble":13,"minecraft:bamboo":4,"exdeorum:andesite_pebble":6,"minecraft:wooden_pickaxe":1},"minecraft:killed":{"minecraft:creeper":1,"minecraft:zombie":1},"minecraft:used":{"create:deployer":10,"minecraft:red_sand":134,"minecraft:spruce_slab":95,"minecraft:chest":5,"minecraft:stone":70,"minecraft:rotten_flesh":1,"minecraft:soul_sand":35,"exdeorum:porcelain_bucket":1,"create:white_sail":60,"create:cogwheel":110,"minecraft:carrot":298,"create:speedometer":8,"minecraft:lava_bucket":7,"create:millstone":8,"create:shaft":47,"minecraft:written_book":1,"minecraft:furnace":2,"minecraft:oak_sapling":10,"minecraft:potato":36,"pamhc2trees:spiderweb_sapling":2,"create_connected:inverted_clutch":2,"minecraft:oak_planks":5,"compressium:cobblestone_1":1,"minecraft:wooden_pickaxe":178,"create_mechanical_extruder:mechanical_extruder":2,"minecraft:clay":4,"create:mechanical_saw":2,"minecraft:cookie":1,"create_connected:inverted_gearshift":1,"quark:paper_wall":1,"minecraft:redstone_torch":4,"minecraft:lever":3,"exdeorum:oak_barrel":2,"create:andesite_casing":7,"createsifter:sifter":7,"create:basin":1,"minecraft:smithing_table":2,"create:stressometer":8,"minecraft:andesite":5,"create:large_cogwheel":92,"minecraft:redstone":4,"minecraft:spruce_planks":2,"minecraft:torch":4,"exdeorum:witch_water_bucket":1,"minecraft:dirt":1,"compressium:dirt_1":1,"minecraft:wooden_axe":67,"exdeorum:porcelain_crucible":1,"tombstone:gift":1,"create:belt_connector":22,"create:gearshift":1,"minecraft:water_bucket":2,"minecraft:glass_bottle":14,"minecraft:baked_potato":22,"minecraft:cobblestone_slab":225,"create:encased_fan":28,"minecraft:oak_slab":80,"minecraft:crafting_table":1,"minecraft:campfire":1,"minecraft:spruce_log":11,"minecraft:oak_log":14,"exdeorum:dust":1934,"minecraft:diamond_pickaxe":363,"minecraft:apple":2,"create:mechanical_press":17,"create:windmill_bearing":7,"minecraft:iron_pickaxe":1,"create:water_wheel":6,"minecraft:stone_slab":238,"create:large_water_wheel":1,"minecraft:stone_axe":102,"projecte:philosophers_stone":72,"minecraft:cobblestone":10,"minecraft:bucket":15,"create:clutch":4},"minecraft:killed_by":{"minecraft:player":2}},"DataVersion":3465}