{"stats":{"minecraft:crafted":{"minecraft:oak_planks":69,"minecraft:cobblestone_slab":12,"minecraft:stone_shovel":1,"create_connected:vertical_six_way_gearbox":8,"minecraft:iron_nugget":97,"create_connected:inverted_gearshift":4,"create:andesite_casing":266,"industrialforegoing:iron_gear":2,"miniutilities:stone_opinium_core":6,"minecraft:flint_and_steel":2,"create:vertical_gearbox":32,"create_connected:parallel_gearbox":32,"kubejs:algal_brick":3,"minecraft:leather":3,"minecraft:iron_axe":1,"kubejs:drill_head":1,"exdeorum:string_mesh":1,"pamhc2foodcore:grinderitem":1,"minecraft:stone_pickaxe":1,"minecraft:chest":1,"kubejs:saw_blade":1,"kubejs:andesite_machine":10,"create:belt_connector":21,"create:cogwheel":313,"create_connected:encased_chain_cogwheel":32,"kubejs:algal_blend":644,"create:depot":64,"ironchest:gold_chest":1,"create:andesite_alloy":428,"minecraft:wooden_shovel":1,"cb_microblock:stone_rod":5,"create_connected:inverted_clutch":8,"minecraft:spruce_planks":205,"minecraft:dried_kelp":6,"minecraft:wooden_pickaxe":1,"minecraft:baked_potato":30,"create:zinc_nugget":725,"create:gearshift":64,"create:encased_chain_drive":64,"minecraft:stone_axe":1,"create:mechanical_mixer":1,"create:clutch":8,"minecraft:air":6789,"create:gearbox":64,"miniutilities:wooden_opinium_core":20,"create:whisk":1,"minecraft:stonecutter":1,"exdeorum:flint_mesh":1,"minecraft:stone_slab":66,"minecraft:stick":12,"minecraft:iron_ingot":21,"minecraft:iron_pickaxe":1,"create:raw_zinc":1,"tombstone:dark_marble":1,"minecraft:wooden_axe":1,"minecraft:iron_block":1,"minecraft:iron_shovel":1,"minecraft:gold_ingot":1,"minecraft:sandstone":97,"create:large_cogwheel":64,"create:mechanical_drill":1,"exdeorum:dust":2512,"kubejs:kinetic_mechanism":24,"minecraft:andesite":7,"create:shaft":132,"create_connected:vertical_parallel_gearbox":16,"kubejs:flint_saw":2,"create_connected:six_way_gearbox":8,"ironchest:iron_chest":1},"minecraft:custom":{"minecraft:interact_with_smithing_table":5,"minecraft:interact_with_crafting_table":64,"minecraft:damage_dealt_resisted":0,"minecraft:leave_game":2,"minecraft:time_since_death":65532,"minecraft:sprint_one_cm":476658,"minecraft:walk_one_cm":575813,"minecraft:drop":146,"minecraft:play_time":413371,"minecraft:deaths":9,"minecraft:sneak_time":18888,"minecraft:walk_under_water_one_cm":15000,"minecraft:jump":3377,"minecraft:walk_on_water_one_cm":31086,"minecraft:total_world_time":413371,"minecraft:interact_with_furnace":16,"minecraft:interact_with_stonecutter":3,"minecraft:sleep_in_bed":1,"minecraft:time_since_rest":61724,"minecraft:damage_taken":2970,"minecraft:damage_absorbed":8,"minecraft:damage_dealt":1469,"minecraft:swim_one_cm":7681,"minecraft:fly_one_cm":395452,"minecraft:player_kills":5,"minecraft:open_chest":264,"minecraft:crouch_one_cm":57446,"minecraft:fall_one_cm":227425},"minecraft:mined":{"minecraft:oak_sapling":1,"create:andesite_casing":1,"minecraft:obsidian":1,"pamhc2trees:spiderweb_sapling":2,"create:large_cogwheel":3,"create:encased_fan":7,"minecraft:spruce_leaves":10,"create:shaft":1,"pamhc2trees:pamspiderweb":2,"minecraft:fire":5,"minecraft:andesite":1,"minecraft:stripped_spruce_log":80,"minecraft:cobblestone_slab":2,"create:deployer":2,"minecraft:stone":1,"minecraft:iron_block":1,"create:cogwheel":2,"minecraft:clay":2,"minecraft:cobblestone":9,"create:basin":1,"createsifter:sifter":1,"minecraft:spruce_log":7,"minecraft:oak_log":11,"minecraft:gravel":105,"minecraft:sand":22,"minecraft:dirt":4,"create:andesite_funnel":1},"minecraft:picked_up":{"exdeorum:porcelain_bucket":2,"exdeorum:mycelium_spores":1,"exdeorum:dust":18,"minecraft:clay_ball":9,"kubejs:kinetic_mechanism":32,"exdeorum:grass_seeds":3,"minecraft:string":13,"exdeorum:string_mesh":1,"exdeorum:granite_pebble":82,"pamhc2trees:spiderweb_sapling":2,"create:andesite_funnel":1,"minecraft:sea_pickle":1,"minecraft:spruce_planks":8,"exdeorum:zinc_ore_chunk":12,"minecraft:cobblestone_slab":2,"minecraft:iron_nugget":1,"minecraft:sugar_cane":2,"minecraft:birch_sapling":3,"minecraft:stick":31,"minecraft:stone":3,"create:andesite_casing":1,"minecraft:dried_kelp":128,"minecraft:pointed_dripstone":1,"minecraft:diorite":1,"minecraft:carrot":4,"minecraft:redstone":395,"create:zinc_ingot":67,"create:deployer":2,"create:large_cogwheel":17,"minecraft:cactus":4,"minecraft:beetroot_seeds":3,"exdeorum:diorite_pebble":34,"minecraft:iron_block":1,"exdeorum:andesite_pebble":28,"minecraft:gold_ingot":1,"minecraft:obsidian":65,"minecraft:soul_campfire":1,"minecraft:cobblestone":10,"minecraft:stripped_oak_log":1,"minecraft:pink_petals":1,"create:iron_sheet":11,"minecraft:andesite":1,"kubejs:algal_brick":1025,"minecraft:potato":71,"minecraft:flint":23,"minecraft:oak_log":75,"minecraft:lily_pad":2,"minecraft:gunpowder":461,"minecraft:lapis_lazuli":418,"minecraft:dirt":4,"minecraft:glass":63,"minecraft:kelp":6,"minecraft:wheat_seeds":7,"exdeorum:stone_pebble":92,"minecraft:iron_ingot":132,"projecte:philosophers_stone":3,"kubejs:algal_blend":178,"create:shaft":2,"rechiseled:chisel":1,"minecraft:bamboo":1,"create_mechanical_extruder:mechanical_extruder":1,"minecraft:oak_planks":8,"minecraft:soul_sand":60,"exdeorum:unfired_porcelain_bucket":2,"minecraft:sweet_berries":1,"create:cogwheel":7,"minecraft:gravel":186,"minecraft:sand":24,"minecraft:spruce_sapling":2,"minecraft:stripped_spruce_log":80,"minecraft:dead_bush":3,"minecraft:spruce_log":8,"createsifter:zinc_mesh":1,"pamhc2foodcore:grinderitem":1,"create:millstone":1,"minecraft:pumpkin_seeds":5,"minecraft:clay":2,"create:zinc_nugget":1,"create:encased_fan":7,"minecraft:bone_meal":470,"minecraft:cherry_sapling":66,"createsifter:sifter":1,"minecraft:baked_potato":64,"minecraft:oak_sapling":2,"minecraft:melon_seeds":7,"minecraft:diamond_pickaxe":1,"minecraft:ender_pearl":1},"minecraft:dropped":{"minecraft:iron_ingot":15,"minecraft:stripped_spruce_log":1,"minecraft:wheat_seeds":2,"minecraft:lapis_lazuli":2,"minecraft:oak_log":3,"minecraft:diamond":6,"kubejs:algal_blend":1202,"minecraft:cobblestone":29,"exdeorum:golden_mesh":1,"exdeorum:iron_mesh":1,"minecraft:emerald":1,"minecraft:stick":32,"minecraft:flint":2,"minecraft:diorite":2,"exdeorum:dust":21,"projecte:philosophers_stone":4,"exdeorum:granite_pebble":6,"minecraft:bone_meal":380,"minecraft:sand":2,"ad_astra:ice_shard":1,"minecraft:string":1,"exdeorum:stone_pebble":4,"create:raw_zinc":1,"minecraft:spruce_sapling":1,"minecraft:gravel":186,"pamhc2foodcore:grinderitem":1,"minecraft:kelp":128,"exdeorum:diamond_mesh":1,"minecraft:iron_nugget":1,"miniutilities:stone_opinium_core":1,"exdeorum:string_mesh":2,"exdeorum:unfired_porcelain_bucket":4,"minecraft:obsidian":64,"minecraft:cherry_sapling":1,"minecraft:oak_planks":12,"minecraft:clay_ball":7,"exdeorum:flint_mesh":2,"minecraft:stripped_oak_log":1,"minecraft:pumpkin_seeds":1,"minecraft:potato":128,"minecraft:stone":14,"minecraft:gunpowder":1,"minecraft:spruce_planks":16,"minecraft:diamond_pickaxe":1,"minecraft:melon_seeds":1,"minecraft:oak_sapling":1,"exdeorum:diorite_pebble":6,"minecraft:bamboo":1,"minecraft:glass":63,"minecraft:spruce_log":1,"exdeorum:andesite_pebble":31,"create:andesite_alloy":9},"minecraft:used":{"create:deployer":2,"minecraft:red_sand":1,"minecraft:flint_and_steel":5,"tombstone:dark_marble":1,"minecraft:stone_shovel":107,"minecraft:spruce_planks":8,"minecraft:stone":3,"minecraft:soul_campfire":1,"minecraft:dirt":213,"exdeorum:porcelain_bucket":5,"create:cogwheel":10,"minecraft:obsidian":1,"minecraft:lava_bucket":6,"exdeorum:porcelain_witch_water_bucket":3,"minecraft:iron_block":1,"minecraft:iron_axe":171,"create:millstone":1,"create:andesite_funnel":1,"create:shaft":1,"minecraft:sweet_berries":2,"ironchest:gold_chest":1,"tombstone:gift":4,"minecraft:potato":1,"pamhc2trees:spiderweb_sapling":3,"minecraft:water_bucket":20,"minecraft:diorite":1,"minecraft:stone_pickaxe":15,"minecraft:baked_potato":16,"minecraft:sandstone":105,"minecraft:stonecutter":1,"minecraft:clay":2,"minecraft:cobblestone_slab":14,"minecraft:cookie":1,"minecraft:sand":36,"create:encased_fan":7,"minecraft:spruce_log":59,"exdeorum:dust":2496,"minecraft:diamond_pickaxe":2,"create:andesite_casing":1,"minecraft:iron_pickaxe":18,"minecraft:stone_slab":31,"minecraft:spruce_sapling":1,"createsifter:sifter":1,"minecraft:stone_axe":17,"projecte:philosophers_stone":178,"minecraft:cobblestone":49,"minecraft:bucket":27,"exdeorum:porcelain_lava_bucket":2,"exdeorum:mycelium_spores":7,"create:large_cogwheel":3},"minecraft:killed_by":{"minecraft:player":3}},"DataVersion":3465}