{"stats":{"minecraft:crafted":{"minecraft:oak_planks":164,"minecraft:stone_shovel":1,"minecraft:cut_sandstone":18,"exdeorum:diamond_mesh":1,"minecraft:stone":688,"minecraft:red_sandstone":1,"createsifter:zinc_mesh":1,"miniutilities:stone_opinium_core":2,"minecraft:granite":673,"kubejs:algal_brick":78,"minecraft:glass":67,"minecraft:diamond":25,"minecraft:stone_brick_slab":57,"exdeorum:string_mesh":16,"pamhc2foodcore:grinderitem":1,"minecraft:ender_pearl":1,"projecte:transmutation_table":1,"minecraft:stone_bricks":64,"exdeorum:iron_mesh":20,"prettypipes:pipe":8,"kubejs:coke":3,"minecraft:glass_bottle":3,"kubejs:algal_blend":66,"exdeorum:golden_mesh":16,"minecraft:oak_slab":40,"create:andesite_alloy":44,"minecraft:wooden_shovel":1,"minecraft:emerald":6,"minecraft:cauldron":6,"exdeorum:oak_barrel":1,"minecraft:soul_campfire":1,"minecraft:crafting_table":1,"minecraft:spruce_planks":4,"minecraft:baked_potato":15,"create:zinc_nugget":67,"minecraft:moss_block":65,"minecraft:copper_ingot":1,"create:sand_paper":1,"minecraft:ice":1,"minecraft:air":8735,"minecraft:diorite":700,"exdeorum:oak_crucible":1,"minecraft:blue_dye":2,"minecraft:white_wool":64,"minecraft:stone_brick_stairs":10,"minecraft:paper":1,"miniutilities:wooden_opinium_core":8,"minecraft:wooden_hoe":1,"minecraft:charcoal":4,"exdeorum:porcelain_bucket":1,"exdeorum:flint_mesh":20,"minecraft:stone_slab":20,"minecraft:stick":65,"minecraft:flint":1,"minecraft:gold_ingot":108,"minecraft:sandstone":497,"exdeorum:oak_sieve":41,"exdeorum:dust":2940,"minecraft:andesite":687,"minecraft:torch":72,"projectred_core:screwdriver":1},"minecraft:custom":{"minecraft:interact_with_crafting_table":47,"minecraft:damage_dealt_resisted":0,"minecraft:leave_game":3,"minecraft:time_since_death":45857,"minecraft:climb_one_cm":5634,"minecraft:sprint_one_cm":465729,"minecraft:walk_one_cm":522063,"minecraft:drop":233,"minecraft:play_time":392708,"minecraft:deaths":5,"minecraft:sneak_time":22505,"minecraft:walk_under_water_one_cm":10452,"minecraft:jump":1702,"minecraft:walk_on_water_one_cm":47409,"minecraft:total_world_time":392708,"minecraft:interact_with_furnace":32,"minecraft:sleep_in_bed":1,"minecraft:time_since_rest":45880,"minecraft:damage_taken":2330,"minecraft:damage_dealt":292,"minecraft:swim_one_cm":4359,"minecraft:fly_one_cm":269784,"minecraft:player_kills":2,"minecraft:open_chest":230,"minecraft:crouch_one_cm":108171,"minecraft:use_cauldron":2,"minecraft:fall_one_cm":149803},"minecraft:mined":{"minecraft:oak_sapling":1,"create:millstone":1,"minecraft:granite":1,"minecraft:red_sand":4,"minecraft:grass_block":3,"minecraft:spruce_leaves":5,"minecraft:moss_block":12,"minecraft:sandstone":37,"minecraft:rooted_dirt":1,"minecraft:mangrove_propagule":2,"minecraft:spruce_sapling":1,"pamhc2trees:pamspiderweb":4,"minecraft:carrots":2,"minecraft:jungle_sapling":2,"minecraft:fire":3,"minecraft:andesite":3,"minecraft:moss_carpet":6,"exdeorum:oak_sieve":6,"minecraft:azalea_leaves":6,"minecraft:bamboo":2,"minecraft:azalea":1,"minecraft:cut_sandstone":1,"minecraft:flowering_azalea":1,"minecraft:stone_brick_slab":2,"minecraft:torch":26,"minecraft:stone_slab":3,"minecraft:tall_grass":3,"minecraft:cobblestone":2,"minecraft:wall_torch":1,"minecraft:cauldron":1,"minecraft:birch_sapling":1,"create:basin":1,"minecraft:acacia_sapling":1,"minecraft:sea_pickle":36,"minecraft:sweet_berry_bush":1,"minecraft:ice":1,"exdeorum:dust":2,"minecraft:stone_brick_stairs":3,"minecraft:dirt":36,"minecraft:grass":8,"minecraft:oak_log":26,"minecraft:dark_oak_sapling":1,"minecraft:sand":18,"minecraft:gravel":160,"minecraft:stone_bricks":1,"minecraft:oak_leaves":49},"minecraft:picked_up":{"minecraft:wooden_axe":1,"exdeorum:mycelium_spores":126,"exdeorum:dust":275,"minecraft:nether_wart":9,"minecraft:clay_ball":1,"minecraft:wooden_pickaxe":1,"minecraft:stone_brick_stairs":3,"exdeorum:grass_seeds":388,"minecraft:string":20,"minecraft:moss_carpet":10,"exdeorum:string_mesh":5,"exdeorum:granite_pebble":2513,"exdeorum:golden_mesh":3,"pamhc2trees:spiderweb_sapling":5,"minecraft:sea_pickle":37,"minecraft:red_sand":644,"exdeorum:iron_mesh":23,"minecraft:bucket":5,"create:basin":2,"exdeorum:zinc_ore_chunk":667,"minecraft:cobblestone_slab":3,"minecraft:jungle_sapling":865,"minecraft:azalea":423,"minecraft:sugar_cane":368,"minecraft:birch_sapling":856,"minecraft:dark_oak_sapling":777,"minecraft:stick":8,"minecraft:sandstone":34,"minecraft:stone":32,"minecraft:big_dripleaf":481,"minecraft:torch":27,"minecraft:pointed_dripstone":51,"minecraft:diorite":1,"minecraft:carrot":397,"minecraft:redstone":454,"tconstruct:flint_shuriken":18,"minecraft:cauldron":1,"create:zinc_ingot":9,"minecraft:cactus":48,"minecraft:beetroot_seeds":262,"exdeorum:diorite_pebble":2586,"ad_astra:ice_shard":3,"exdeorum:andesite_pebble":2600,"minecraft:gold_ingot":1,"minecraft:glow_berries":390,"minecraft:obsidian":1,"minecraft:cobblestone":27,"minecraft:stripped_oak_log":2,"minecraft:pink_petals":72,"minecraft:andesite":3,"minecraft:potato":632,"minecraft:flint":790,"minecraft:oak_log":106,"minecraft:lily_pad":338,"minecraft:gunpowder":507,"create:copper_nugget":9,"minecraft:lapis_lazuli":512,"minecraft:dirt":39,"minecraft:glass":63,"minecraft:bone":5,"minecraft:apple":1,"minecraft:stone_bricks":1,"minecraft:kelp":3,"minecraft:wheat_seeds":348,"minecraft:small_dripleaf":466,"exdeorum:oak_sieve":6,"exdeorum:stone_pebble":2611,"minecraft:spore_blossom":327,"kubejs:algal_blend":49,"projecte:philosophers_stone":1,"minecraft:iron_ingot":1,"minecraft:bamboo":139,"minecraft:moss_block":11,"minecraft:acacia_sapling":774,"minecraft:flowering_azalea":261,"minecraft:soul_sand":31,"minecraft:glow_lichen":295,"minecraft:sweet_berries":346,"create:cogwheel":1,"minecraft:stone_brick_slab":2,"miniutilities:diamond_opinium_core":3,"minecraft:quartz":11,"minecraft:poisonous_potato":130,"minecraft:gravel":336,"exdeorum:flint_mesh":31,"minecraft:sand":19,"minecraft:amethyst_shard":62,"minecraft:stripped_spruce_log":1,"minecraft:spruce_sapling":785,"minecraft:dead_bush":42,"createsifter:zinc_mesh":1,"create:millstone":2,"minecraft:pumpkin_seeds":383,"exdeorum:warped_nylium_spores":7,"exdeorum:diamond_mesh":8,"minecraft:diamond":1,"minecraft:granite":64,"minecraft:bone_meal":475,"minecraft:cherry_sapling":778,"minecraft:emerald":2,"exdeorum:crimson_nylium_spores":1,"projecte:transmutation_table":1,"minecraft:rooted_dirt":1,"minecraft:oak_sapling":763,"minecraft:melon_seeds":403,"minecraft:mangrove_propagule":743,"minecraft:coal":46},"minecraft:dropped":{"minecraft:iron_ingot":424,"minecraft:oak_slab":7,"minecraft:soul_sand":59,"create:millstone":1,"minecraft:lapis_lazuli":1,"minecraft:oak_log":203,"minecraft:diamond":14,"exdeorum:mycelium_spores":64,"exdeorum:zinc_ore_chunk":540,"minecraft:cookie":1,"minecraft:cobblestone":1,"create:cogwheel":1,"minecraft:granite":242,"exdeorum:iron_mesh":1,"minecraft:stick":37,"minecraft:flint":448,"minecraft:dirt":65,"minecraft:diorite":1,"exdeorum:dust":392,"exdeorum:grass_seeds":28,"minecraft:wooden_axe":1,"exdeorum:granite_pebble":124,"tconstruct:flint_shuriken":14,"minecraft:bone_meal":105,"projecte:philosophers_stone":6,"minecraft:string":1,"minecraft:bucket":1,"minecraft:white_wool":1,"miniutilities:diamond_opinium_core":6,"exdeorum:stone_pebble":26,"kubejs:crushed_granite":31,"minecraft:gold_ingot":7,"minecraft:gravel":9,"minecraft:moss_carpet":10,"minecraft:kelp":129,"minecraft:obsidian":64,"minecraft:clay_ball":128,"minecraft:oak_planks":5,"minecraft:stripped_oak_log":1,"minecraft:pumpkin_seeds":217,"minecraft:cobblestone_slab":3,"minecraft:potato":512,"minecraft:soul_campfire":1,"minecraft:stone":96,"kubejs:algal_brick":1,"create:zinc_ingot":60,"minecraft:andesite":1,"minecraft:melon_seeds":226,"exdeorum:warped_nylium_spores":1,"minecraft:glass":63,"kubejs:kinetic_mechanism":32,"exdeorum:diorite_pebble":22,"minecraft:bamboo":1,"minecraft:red_sand":1856,"exdeorum:andesite_pebble":20,"minecraft:wooden_pickaxe":1},"minecraft:used":{"minecraft:moss_block":7292,"minecraft:red_sand":408,"minecraft:stone":10,"minecraft:torch":144,"minecraft:soul_sand":35,"minecraft:dirt":3675,"exdeorum:porcelain_bucket":2,"minecraft:carrot":20,"minecraft:acacia_sapling":1,"minecraft:granite":1,"minecraft:jungle_sapling":2,"minecraft:glass":1,"minecraft:stone_brick_slab":120,"minecraft:lava_bucket":5,"minecraft:birch_sapling":1,"create:millstone":1,"minecraft:stone_brick_stairs":18,"minecraft:stone_bricks":19,"minecraft:bamboo":1,"tconstruct:flint_shuriken":4,"exdeorum:porcelain_water_bucket":1,"minecraft:sweet_berries":2,"minecraft:oak_sapling":11,"tombstone:gift":2,"minecraft:potato":10,"minecraft:pointed_dripstone":12,"minecraft:dark_oak_sapling":1,"exdeorum:oak_sieve":46,"pamhc2trees:spiderweb_sapling":8,"minecraft:water_bucket":9,"minecraft:glass_bottle":3,"minecraft:oak_planks":7,"minecraft:baked_potato":15,"minecraft:wooden_pickaxe":3,"minecraft:sandstone":405,"minecraft:cut_sandstone":25,"minecraft:cauldron":7,"minecraft:sand":6,"minecraft:crafting_table":1,"exdeorum:dust":2823,"minecraft:iron_pickaxe":54,"exdeorum:oak_barrel":1,"minecraft:wooden_hoe":18,"projecte:transmutation_table":2,"minecraft:red_sandstone":1,"minecraft:stone_slab":26,"minecraft:spruce_sapling":1,"minecraft:gravel":333,"minecraft:stone_axe":4,"create:basin":1,"projecte:philosophers_stone":193,"minecraft:cobblestone":2,"exdeorum:oak_crucible":1,"minecraft:andesite":4,"minecraft:bucket":15,"minecraft:ice":1,"minecraft:sea_pickle":36,"exdeorum:porcelain_lava_bucket":1},"minecraft:killed_by":{"minecraft:player":2}},"DataVersion":3465}