{"stats":{"minecraft:crafted":{"minecraft:oak_planks":132,"minecraft:furnace":1,"minecraft:stone":9,"ironchest:dirt_chest":2,"minecraft:lever":1,"miniutilities:stone_opinium_core":54,"minecraft:granite":6,"minecraft:scaffolding":162,"minecraft:bamboo_block":1,"minecraft:hopper":9,"minecraft:repeater":23,"minecraft:bow":11,"minecraft:iron_axe":2,"minecraft:comparator":1,"minecraft:stone_pickaxe":2,"minecraft:chest":21,"minecraft:stone_hoe":1,"tconstruct:flint_shuriken":32,"quark:paper_wall":8,"minecraft:observer":10,"minecraft:sugar":2,"minecraft:oak_slab":6,"woodenhopper:wooden_hopper":9,"ironchest:wood_to_iron_chest_upgrade":5,"minecraft:soul_campfire":10,"minecraft:spruce_planks":193,"minecraft:wooden_pickaxe":3,"minecraft:baked_potato":9,"minecraft:dirt":13,"miniutilities:iron_opinium_core":13,"minecraft:stone_axe":4,"minecraft:air":3882,"minecraft:diorite":7,"exdeorum:porcelain_clay_ball":40,"minecraft:dispenser":11,"compressium:dirt_1":7,"ironchest:iron_to_gold_chest_upgrade":2,"miniutilities:wooden_opinium_core":141,"minecraft:white_wool":3,"minecraft:wooden_hoe":1,"minecraft:paper":5,"minecraft:charcoal":3,"exdeorum:porcelain_bucket":9,"minecraft:stick":31,"minecraft:stone_slab":609,"create:raw_zinc":1,"minecraft:iron_pickaxe":2,"minecraft:wooden_axe":4,"minecraft:white_bed":1,"minecraft:redstone_torch":3,"minecraft:andesite":6,"minecraft:composter":1,"minecraft:torch":2,"create:zinc_ingot":1,"exdeorum:unfired_porcelain_bucket":11},"minecraft:broken":{"minecraft:iron_axe":2,"minecraft:stone_axe":1,"minecraft:wooden_hoe":1},"minecraft:custom":{"minecraft:interact_with_smithing_table":7,"minecraft:mob_kills":15,"minecraft:inspect_hopper":3,"minecraft:interact_with_crafting_table":101,"minecraft:leave_game":3,"minecraft:time_since_death":235785,"minecraft:climb_one_cm":36124,"minecraft:sprint_one_cm":507571,"minecraft:walk_one_cm":703221,"minecraft:drop":80,"minecraft:play_time":380707,"minecraft:deaths":3,"minecraft:sneak_time":34863,"minecraft:walk_under_water_one_cm":286,"minecraft:jump":1709,"minecraft:walk_on_water_one_cm":11390,"minecraft:total_world_time":380707,"minecraft:interact_with_furnace":42,"minecraft:sleep_in_bed":1,"minecraft:time_since_rest":235807,"minecraft:damage_taken":2094,"minecraft:damage_absorbed":3,"minecraft:damage_dealt":2925,"minecraft:fly_one_cm":162916,"minecraft:open_chest":651,"minecraft:crouch_one_cm":115414,"tombstone:undead_killed":12,"minecraft:fall_one_cm":96564},"minecraft:mined":{"minecraft:grass_block":1,"minecraft:soul_campfire":1,"minecraft:spruce_leaves":95,"pamhc2trees:pamspiderweb":3,"minecraft:spruce_sapling":6,"minecraft:carrots":11,"minecraft:red_sandstone":1,"minecraft:stripped_spruce_log":3,"minecraft:potatoes":5,"minecraft:cobblestone_slab":1,"ironchest:iron_chest":1,"minecraft:bamboo_sapling":2,"minecraft:bamboo":42,"minecraft:stone":15,"minecraft:podzol":1,"minecraft:scaffolding":19,"minecraft:torch":4,"woodenhopper:wooden_hopper":1,"minecraft:stone_slab":18,"minecraft:cobblestone":2,"minecraft:sugar_cane":43,"minecraft:oak_planks":7,"minecraft:wall_torch":1,"ironchest:dirt_chest":1,"quark:paper_wall":1,"minecraft:spruce_log":594,"minecraft:oak_log":51,"minecraft:sand":2,"minecraft:gravel":1,"minecraft:dirt":6,"minecraft:oak_leaves":33},"minecraft:picked_up":{"minecraft:wooden_axe":1,"exdeorum:mycelium_spores":2,"minecraft:nether_wart":1,"minecraft:clay_ball":1,"minecraft:stone_slab":16,"exdeorum:grass_seeds":1,"minecraft:string":23,"minecraft:soul_soil":1,"exdeorum:granite_pebble":26,"minecraft:red_sand":1216,"minecraft:bucket":1,"exdeorum:zinc_ore_chunk":73,"minecraft:cobblestone_slab":4,"minecraft:jungle_sapling":3,"minecraft:azalea":1,"minecraft:sugar_cane":46,"minecraft:birch_sapling":3,"ironchest:dirt_chest":1,"minecraft:stick":39,"apotheosis:gem":2,"minecraft:stone":1,"minecraft:torch":5,"ironchest:iron_chest":1,"tombstone:grave_dust":4,"minecraft:carrot":191,"minecraft:redstone":6,"minecraft:arrow":3,"create:large_cogwheel":1,"minecraft:cactus":14,"minecraft:rotten_flesh":12,"minecraft:beetroot_seeds":3,"exdeorum:diorite_pebble":29,"minecraft:gold_ingot":7,"exdeorum:andesite_pebble":27,"minecraft:glow_berries":1,"minecraft:obsidian":65,"minecraft:cobblestone":16,"minecraft:pink_petals":1,"minecraft:water_bucket":1,"kubejs:algal_brick":48,"minecraft:potato":74,"minecraft:flint":5,"minecraft:oak_log":50,"minecraft:lily_pad":2,"minecraft:dirt":69,"minecraft:bone":7,"minecraft:red_sandstone":2,"minecraft:wheat_seeds":6,"minecraft:small_dripleaf":4,"exdeorum:stone_pebble":27,"projecte:philosophers_stone":1,"minecraft:iron_ingot":32,"minecraft:bamboo":482,"minecraft:acacia_sapling":4,"minecraft:oak_planks":6,"minecraft:flowering_azalea":1,"minecraft:green_dye":2,"minecraft:scaffolding":50,"minecraft:sweet_berries":2,"create:cogwheel":1,"minecraft:quartz":3,"minecraft:poisonous_potato":2,"minecraft:gravel":1,"minecraft:sand":2,"minecraft:amethyst_shard":7,"minecraft:stripped_spruce_log":2,"minecraft:spruce_sapling":74,"minecraft:dead_bush":5,"minecraft:spruce_log":595,"createaddition:zinc_sheet":1,"minecraft:pumpkin_seeds":3,"exdeorum:warped_nylium_spores":2,"minecraft:diamond":15,"quark:paper_wall":1,"minecraft:bone_meal":26,"minecraft:cherry_sapling":1,"woodenhopper:wooden_hopper":1,"minecraft:emerald":2,"minecraft:oak_sapling":14,"minecraft:melon_seeds":4,"minecraft:mangrove_propagule":3},"minecraft:dropped":{"minecraft:oak_slab":1,"minecraft:oak_log":5,"minecraft:diamond":1,"minecraft:red_sandstone":2,"exdeorum:zinc_ore_chunk":1,"minecraft:mangrove_propagule":1,"minecraft:glow_berries":1,"create:cogwheel":1,"exdeorum:golden_mesh":1,"exdeorum:iron_mesh":1,"minecraft:stick":1,"minecraft:emerald":1,"minecraft:dead_bush":2,"minecraft:jungle_sapling":3,"pamhc2trees:spiderweb_sapling":1,"tconstruct:flint_shuriken":16,"projecte:philosophers_stone":4,"ad_astra:ice_shard":1,"create:large_cogwheel":1,"minecraft:cactus":7,"minecraft:lily_pad":1,"minecraft:string":24,"exdeorum:stone_pebble":1,"minecraft:redstone":1,"exdeorum:diamond_mesh":1,"exdeorum:string_mesh":1,"minecraft:obsidian":30,"exdeorum:flint_mesh":1,"minecraft:glow_lichen":1,"minecraft:stone":31,"kubejs:algal_brick":48,"exdeorum:warped_nylium_spores":2,"apotheosis:gem":1,"minecraft:acacia_sapling":4,"minecraft:small_dripleaf":1,"kubejs:kinetic_mechanism":32,"minecraft:bamboo":3,"minecraft:written_book":1,"createaddition:zinc_sheet":1},"minecraft:killed":{"minecraft:spider":2,"minecraft:skeleton":1,"minecraft:creeper":1,"minecraft:zombie":11},"minecraft:used":{"minecraft:azalea":1,"ironchest:wood_to_iron_chest_upgrade":5,"minecraft:cherry_sapling":1,"minecraft:red_sand":72,"minecraft:chest":4,"minecraft:stone":693,"woodenhopper:wooden_hopper":1,"minecraft:stone_hoe":8,"minecraft:soul_campfire":10,"minecraft:torch":12,"minecraft:soul_sand":8,"minecraft:dirt":171,"exdeorum:porcelain_bucket":2,"minecraft:hopper":9,"ironchest:iron_chest":1,"minecraft:carrot":106,"minecraft:obsidian":1,"minecraft:small_dripleaf":3,"minecraft:flowering_azalea":1,"minecraft:iron_axe":463,"minecraft:birch_sapling":2,"exdeorum:porcelain_water_bucket":1,"minecraft:melon_seeds":6,"minecraft:bamboo":12,"tconstruct:flint_shuriken":17,"minecraft:scaffolding":99,"minecraft:sweet_berries":2,"minecraft:written_book":2,"minecraft:oak_sapling":3,"minecraft:furnace":1,"tombstone:gift":3,"minecraft:potato":15,"pamhc2trees:spiderweb_sapling":2,"minecraft:wheat_seeds":4,"ironchest:dirt_chest":2,"minecraft:water_bucket":9,"minecraft:baked_potato":9,"minecraft:oak_planks":33,"minecraft:lily_pad":1,"minecraft:wooden_pickaxe":2,"minecraft:sandstone":1,"minecraft:composter":1,"minecraft:sugar_cane":19,"minecraft:cobblestone_slab":4,"minecraft:cookie":1,"minecraft:oak_slab":1,"minecraft:white_bed":1,"minecraft:spruce_log":5,"quark:paper_wall":19,"minecraft:wooden_hoe":41,"minecraft:mangrove_propagule":2,"minecraft:iron_pickaxe":39,"minecraft:stone_slab":386,"ironchest:iron_to_gold_chest_upgrade":2,"minecraft:gravel":1,"minecraft:spruce_sapling":53,"minecraft:stone_axe":240,"minecraft:pink_petals":2,"projecte:philosophers_stone":143,"minecraft:poisonous_potato":2,"minecraft:bucket":6,"minecraft:bone_meal":18},"minecraft:killed_by":{"minecraft:player":3}},"DataVersion":3465}