{"stats":{"minecraft:dropped":{"minecraft:soul_sand":59,"create:millstone":1,"minecraft:lapis_lazuli":1,"minecraft:oak_log":203,"sophisticatedbackpacks:smithing_upgrade":2,"minecraft:diamond":14,"exdeorum:zinc_ore_chunk":540,"minecraft:cookie":1,"create:cogwheel":3,"minecraft:flint":448,"minecraft:dirt":65,"exdeorum:dust":392,"kubejs:nourished_coke":11,"exdeorum:granite_pebble":124,"minecraft:bone_meal":105,"projecte:philosophers_stone":6,"miniutilities:diamond_opinium_core":6,"minecraft:white_wool":1,"minecraft:gold_ingot":7,"minecraft:gravel":9,"minecraft:obsidian":64,"minecraft:oak_planks":5,"kubejs:incomplete_sealed_mechanism":2,"minecraft:soul_campfire":1,"minecraft:melon_seeds":226,"exdeorum:warped_nylium_spores":1,"minecraft:glass":63,"minecraft:stone_hoe":1,"minecraft:iron_ingot":429,"minecraft:oak_slab":7,"exdeorum:mycelium_spores":64,"minecraft:cobblestone":135,"minecraft:granite":242,"minecraft:copper_ingot":97,"exdeorum:iron_mesh":1,"minecraft:coal":64,"minecraft:stick":63,"minecraft:diorite":1,"exdeorum:grass_seeds":28,"minecraft:wooden_axe":1,"tconstruct:flint_shuriken":14,"minecraft:string":1,"exdeorum:stone_pebble":26,"minecraft:bucket":1,"create:sand_paper":1,"kubejs:crushed_granite":31,"minecraft:spruce_sapling":1,"minecraft:moss_carpet":10,"minecraft:kelp":129,"minecraft:clay_ball":128,"kubejs:polished_coke":12,"minecraft:stripped_oak_log":1,"create:copper_sheet":35,"minecraft:pumpkin_seeds":217,"minecraft:potato":512,"minecraft:cobblestone_slab":4,"kubejs:coke":56,"minecraft:stone":96,"kubejs:algal_brick":1,"create:zinc_ingot":60,"minecraft:spruce_planks":48,"minecraft:andesite":1,"exdeorum:diorite_pebble":22,"kubejs:kinetic_mechanism":32,"minecraft:bamboo":1,"minecraft:red_sand":1856,"exdeorum:andesite_pebble":20,"minecraft:wooden_pickaxe":1},"minecraft:used":{"minecraft:moss_block":7463,"create:deployer":4,"minecraft:red_sand":408,"minecraft:chest":2,"minecraft:stone":10,"minecraft:soul_sand":35,"exdeorum:porcelain_bucket":2,"create:white_sail":64,"create:cogwheel":35,"minecraft:carrot":22,"ironchest:iron_chest":4,"minecraft:acacia_sapling":1,"create:depot":2,"minecraft:jungle_sapling":2,"minecraft:glass":1,"minecraft:lava_bucket":6,"minecraft:birch_sapling":1,"tconstruct:seared_faucet":1,"create:millstone":2,"minecraft:stone_brick_stairs":18,"minecraft:stone_bricks":19,"tconstruct:flint_shuriken":4,"exdeorum:porcelain_water_bucket":1,"minecraft:sweet_berries":2,"create:shaft":2,"tconstruct:seared_fuel_gauge":2,"minecraft:oak_sapling":11,"minecraft:potato":10,"minecraft:dark_oak_sapling":1,"pamhc2trees:spiderweb_sapling":8,"minecraft:oak_planks":17,"minecraft:wooden_pickaxe":3,"minecraft:sandstone":405,"minecraft:sand":6,"createaddition:rolling_mill":1,"exdeorum:oak_barrel":1,"projecte:transmutation_table":5,"minecraft:red_sandstone":1,"minecraft:gravel":333,"create:basin":2,"exdeorum:oak_crucible":1,"minecraft:smithing_table":1,"minecraft:andesite":26,"minecraft:ice":1,"exdeorum:porcelain_lava_bucket":1,"create:large_cogwheel":38,"ironfurnaces:gold_furnace":2,"minecraft:torch":153,"minecraft:dirt":4199,"create:mechanical_mixer":2,"ironfurnaces:diamond_furnace":1,"tconstruct:seared_bricks":17,"minecraft:granite":1,"tconstruct:seared_heater":1,"minecraft:stone_brick_slab":120,"minecraft:bamboo":1,"tombstone:gift":2,"minecraft:pointed_dripstone":12,"exdeorum:oak_sieve":46,"minecraft:water_bucket":12,"minecraft:glass_bottle":3,"minecraft:baked_potato":26,"minecraft:cut_sandstone":25,"minecraft:cauldron":7,"minecraft:oak_slab":2,"minecraft:crafting_table":2,"create:sail_frame":1,"exdeorum:dust":3399,"minecraft:oak_log":8,"minecraft:wooden_hoe":18,"create:mechanical_press":2,"create:windmill_bearing":7,"minecraft:iron_pickaxe":121,"minecraft:stone_slab":26,"minecraft:spruce_sapling":1,"minecraft:stone_axe":83,"projecte:philosophers_stone":195,"minecraft:cobblestone":2,"tconstruct:seared_melter":2,"kubejs:copper_machine":1,"minecraft:bucket":25,"minecraft:sea_pickle":36,"create:clutch":1},"minecraft:killed_by":{"minecraft:witch":1,"minecraft:player":2,"minecraft:skeleton":1},"minecraft:mined":{"minecraft:oak_sapling":1,"tconstruct:seared_bricks":7,"minecraft:granite":1,"minecraft:red_sand":4,"minecraft:grass_block":3,"minecraft:fire":3,"tconstruct:seared_melter":2,"minecraft:moss_carpet":6,"exdeorum:oak_sieve":6,"minecraft:azalea_leaves":6,"minecraft:azalea":1,"create:mechanical_press":2,"tconstruct:seared_fuel_gauge":2,"create:cogwheel":14,"minecraft:cut_sandstone":1,"create:sail_frame":1,"kubejs:copper_machine":1,"minecraft:torch":27,"minecraft:chest":2,"minecraft:cobblestone":2,"minecraft:oak_planks":1,"minecraft:wall_torch":1,"minecraft:cauldron":1,"minecraft:birch_sapling":1,"create:basin":1,"minecraft:acacia_sapling":1,"tconstruct:seared_faucet":1,"create:mechanical_mixer":1,"exdeorum:dust":2,"minecraft:stone_brick_stairs":3,"minecraft:grass":9,"minecraft:oak_log":26,"minecraft:dark_oak_sapling":1,"minecraft:sand":18,"minecraft:dirt":70,"minecraft:oak_leaves":49,"create:millstone":1,"create:large_cogwheel":14,"create:depot":1,"minecraft:spruce_leaves":5,"minecraft:moss_block":12,"minecraft:mangrove_propagule":2,"minecraft:sandstone":37,"minecraft:rooted_dirt":1,"create:shaft":2,"pamhc2trees:pamspiderweb":4,"minecraft:spruce_sapling":1,"minecraft:carrots":2,"minecraft:jungle_sapling":2,"create:white_sail":4,"minecraft:andesite":17,"create:windmill_bearing":4,"create:deployer":3,"minecraft:stripped_oak_log":8,"minecraft:stone":9,"minecraft:bamboo":2,"minecraft:flowering_azalea":1,"minecraft:stone_brick_slab":2,"minecraft:stone_slab":4,"minecraft:tall_grass":4,"projecte:transmutation_table":1,"minecraft:sea_pickle":36,"minecraft:sweet_berry_bush":1,"minecraft:ice":1,"minecraft:mycelium":4,"minecraft:gravel":160,"minecraft:stone_bricks":1},"minecraft:custom":{"minecraft:interact_with_crafting_table":69,"minecraft:leave_game":7,"minecraft:time_since_death":9297,"minecraft:sprint_one_cm":641414,"minecraft:drop":261,"minecraft:play_time":551637,"minecraft:deaths":8,"minecraft:jump":2630,"minecraft:walk_on_water_one_cm":53906,"minecraft:interact_with_furnace":102,"minecraft:sleep_in_bed":1,"minecraft:damage_dealt":1586,"minecraft:player_kills":2,"minecraft:crouch_one_cm":136369,"tombstone:undead_killed":4,"minecraft:use_cauldron":3,"minecraft:interact_with_smithing_table":20,"minecraft:mob_kills":8,"minecraft:damage_dealt_resisted":0,"minecraft:climb_one_cm":15754,"minecraft:walk_one_cm":764902,"minecraft:sneak_time":28077,"minecraft:walk_under_water_one_cm":10491,"minecraft:total_world_time":551637,"tombstone:raider_killed":1,"minecraft:time_since_rest":9320,"minecraft:damage_taken":3610,"minecraft:swim_one_cm":5066,"minecraft:fly_one_cm":472829,"minecraft:open_chest":394,"minecraft:fall_one_cm":170020},"minecraft:picked_up":{"minecraft:wooden_axe":1,"exdeorum:mycelium_spores":126,"exdeorum:dust":275,"minecraft:stone_slab":1,"minecraft:stone_brick_stairs":3,"sophisticatedbackpacks:smithing_upgrade":2,"exdeorum:grass_seeds":388,"minecraft:string":22,"create:sand_paper":1,"pamhc2trees:spiderweb_sapling":5,"create:andesite_funnel":64,"minecraft:sea_pickle":37,"create:mechanical_press":2,"minecraft:red_sand":644,"minecraft:bucket":5,"minecraft:cobblestone_slab":4,"minecraft:azalea":437,"minecraft:stick":34,"create:mechanical_mixer":1,"minecraft:big_dripleaf":492,"minecraft:torch":33,"tconstruct:seared_faucet":1,"minecraft:pointed_dripstone":51,"minecraft:diorite":1,"tconstruct:flint_shuriken":18,"minecraft:cauldron":1,"create:large_cogwheel":49,"minecraft:cactus":48,"kubejs:copper_machine":1,"ad_astra:ice_shard":3,"tconstruct:seared_fuel_gauge":2,"minecraft:obsidian":65,"minecraft:cobblestone":33,"tconstruct:seared_bricks":7,"minecraft:pink_petals":72,"minecraft:andesite":12,"minecraft:potato":632,"create:belt_connector":16,"minecraft:flint":791,"minecraft:lapis_lazuli":621,"minecraft:dirt":68,"create:encased_chain_drive":64,"minecraft:glass":78,"minecraft:bone":6,"minecraft:wheat_seeds":349,"minecraft:small_dripleaf":481,"projecte:philosophers_stone":2,"create:shaft":2,"minecraft:bamboo":139,"minecraft:moss_block":11,"minecraft:oak_planks":1,"minecraft:stone_hoe":2,"create:gearshift":8,"minecraft:glow_lichen":301,"create:cogwheel":82,"miniutilities:diamond_opinium_core":3,"minecraft:poisonous_potato":130,"minecraft:sand":19,"create_connected:encased_chain_cogwheel":64,"exdeorum:flint_mesh":31,"minecraft:stripped_spruce_log":1,"createsifter:zinc_mesh":1,"minecraft:dead_bush":42,"exdeorum:diamond_mesh":8,"minecraft:diamond":1,"create_connected:six_way_gearbox":16,"minecraft:granite":64,"minecraft:bone_meal":577,"projecte:transmutation_table":2,"exdeorum:crimson_nylium_spores":1,"minecraft:emerald":2,"minecraft:rooted_dirt":1,"minecraft:oak_sapling":793,"create:white_sail":4,"minecraft:nether_wart":9,"minecraft:clay_ball":1,"minecraft:wooden_pickaxe":1,"minecraft:moss_carpet":10,"exdeorum:string_mesh":5,"exdeorum:granite_pebble":2513,"exdeorum:golden_mesh":3,"exdeorum:iron_mesh":23,"create_connected:parallel_gearbox":32,"exdeorum:zinc_ore_chunk":667,"create:basin":2,"minecraft:jungle_sapling":894,"minecraft:birch_sapling":879,"minecraft:chest":2,"minecraft:sugar_cane":368,"create:clutch":8,"minecraft:dark_oak_sapling":801,"minecraft:sandstone":34,"minecraft:stone":32,"minecraft:copper_ingot":64,"create:windmill_bearing":4,"minecraft:carrot":399,"minecraft:redstone":537,"create:zinc_ingot":9,"create:vertical_gearbox":32,"kubejs:incomplete_sealed_mechanism":2,"create:deployer":3,"minecraft:arrow":1,"minecraft:beetroot_seeds":262,"exdeorum:diorite_pebble":2586,"create:depot":17,"exdeorum:andesite_pebble":2600,"minecraft:gold_ingot":1,"minecraft:glow_berries":399,"minecraft:stripped_oak_log":10,"minecraft:oak_log":106,"minecraft:lily_pad":352,"minecraft:gunpowder":609,"create:copper_nugget":9,"minecraft:apple":1,"minecraft:stone_bricks":1,"minecraft:kelp":3,"minecraft:spore_blossom":335,"exdeorum:oak_sieve":6,"exdeorum:stone_pebble":2611,"minecraft:iron_ingot":5,"kubejs:algal_blend":49,"minecraft:soul_sand":31,"minecraft:flowering_azalea":266,"minecraft:acacia_sapling":804,"minecraft:scaffolding":14,"create_connected:vertical_parallel_gearbox":32,"minecraft:sweet_berries":354,"minecraft:stone_brick_slab":2,"minecraft:quartz":11,"minecraft:gravel":336,"minecraft:amethyst_shard":62,"create_connected:inverted_clutch":8,"minecraft:spruce_sapling":800,"create:gearbox":32,"create:sail_frame":1,"create:millstone":2,"minecraft:pumpkin_seeds":383,"exdeorum:warped_nylium_spores":7,"create_connected:inverted_gearshift":8,"minecraft:cherry_sapling":799,"create_connected:vertical_six_way_gearbox":16,"tconstruct:seared_melter":2,"minecraft:melon_seeds":403,"minecraft:mangrove_propagule":770,"minecraft:coal":62},"minecraft:crafted":{"minecraft:oak_planks":198,"minecraft:cut_sandstone":18,"quark:sturdy_stone":32,"createaddition:rolling_mill":1,"create:andesite_casing":23,"ironfurnaces:iron_furnace":24,"minecraft:stone":688,"minecraft:red_sandstone":1,"ironfurnaces:diamond_furnace":1,"tconstruct:seared_melter":1,"minecraft:granite":673,"kubejs:algal_brick":142,"minecraft:glass":67,"minecraft:stone_brick_slab":57,"create:mechanical_press":1,"pamhc2foodcore:grinderitem":2,"tconstruct:seared_brick":0,"minecraft:chest":11,"projecte:transmutation_table":17,"minecraft:stone_bricks":64,"create:brass_hand":4,"kubejs:algal_blend":194,"minecraft:glass_bottle":3,"kubejs:coke":3,"create:depot":1,"minecraft:oak_slab":42,"woodenhopper:wooden_hopper":1,"minecraft:wooden_shovel":1,"minecraft:emerald":6,"minecraft:cauldron":6,"exdeorum:oak_barrel":1,"minecraft:soul_campfire":1,"minecraft:crafting_table":2,"minecraft:spruce_planks":4,"minecraft:baked_potato":79,"create:zinc_nugget":88,"minecraft:smithing_table":3,"minecraft:moss_block":65,"minecraft:copper_ingot":1,"create:sand_paper":4,"minecraft:gold_block":3,"sophisticatedbackpacks:upgrade_base":3,"create:mechanical_mixer":1,"minecraft:diorite":700,"exdeorum:oak_crucible":1,"tconstruct:seared_channel":5,"minecraft:stone_brick_stairs":10,"minecraft:charcoal":53,"minecraft:wooden_hoe":1,"minecraft:paper":4,"create:water_wheel":8,"exdeorum:porcelain_bucket":1,"exdeorum:flint_mesh":20,"minecraft:stick":75,"minecraft:stone_slab":20,"minecraft:gold_ingot":108,"minecraft:sandstone":497,"exdeorum:oak_sieve":41,"tconstruct:seared_bricks":13,"exdeorum:dust":3516,"kubejs:kinetic_mechanism":57,"kubejs:flint_saw":8,"projectred_core:screwdriver":1,"tconstruct:seared_fuel_gauge":2,"minecraft:stone_shovel":1,"ironfurnaces:gold_furnace":3,"create:white_sail":84,"minecraft:furnace":32,"exdeorum:diamond_mesh":1,"miniutilities:stone_opinium_core":2,"createsifter:zinc_mesh":1,"minecraft:diamond":25,"minecraft:leather":1,"exdeorum:string_mesh":16,"tconstruct:seared_table":1,"minecraft:ender_pearl":1,"kubejs:andesite_machine":5,"create:basin":1,"sophisticatedbackpacks:smithing_upgrade":1,"prettypipes:pipe":8,"exdeorum:iron_mesh":20,"create:windmill_bearing":7,"exdeorum:golden_mesh":16,"create:andesite_alloy":127,"cb_microblock:stone_rod":32,"create:sail_frame":5,"create:large_water_wheel":8,"ironchest:copper_chest":8,"minecraft:ice":1,"minecraft:air":10489,"minecraft:blue_dye":2,"tconstruct:seared_heater":1,"miniutilities:wooden_opinium_core":8,"create:whisk":1,"minecraft:white_wool":64,"minecraft:flint":1,"create:zinc_block":1,"tconstruct:seared_faucet":3,"kubejs:copper_machine":1,"create:shaft":64,"minecraft:andesite":687,"minecraft:torch":72,"minecraft:clay":128,"create:copper_casing":16,"tconstruct:grout":216,"ironchest:iron_chest":8},"minecraft:killed":{"minecraft:spider":2,"minecraft:skeleton":1,"minecraft:zombie":1}},"DataVersion":3465}