{"stats":{"minecraft:dropped":{"minecraft:soul_sand":31,"minecraft:lapis_lazuli":2,"minecraft:oak_log":7,"minecraft:diamond":1,"exdeorum:zinc_ore_chunk":4,"create:cogwheel":1,"exdeorum:golden_mesh":1,"minecraft:emerald":1,"exdeorum:crimson_nylium_spores":1,"exdeorum:dust":64,"kubejs:nourished_coke":25,"minecraft:jungle_sapling":1,"pamhc2trees:spiderweb_sapling":3,"exdeorum:granite_pebble":1,"minecraft:bone_meal":8,"projecte:philosophers_stone":4,"minecraft:sand":1,"create_mechanical_extruder:mechanical_extruder":1,"create:large_cogwheel":2,"minecraft:white_wool":1,"minecraft:gold_ingot":5,"minecraft:sugar_cane":3,"exdeorum:string_mesh":1,"minecraft:obsidian":64,"minecraft:oak_planks":15,"ironchest:dirt_chest":1,"create:white_sail":7,"kubejs:incomplete_sealed_mechanism":6,"minecraft:spruce_pressure_plate":1,"minecraft:melon_seeds":4,"exdeorum:warped_nylium_spores":1,"minecraft:spruce_slab":1,"rechiseled:chisel":1,"minecraft:glass":15,"minecraft:written_book":1,"createaddition:zinc_sheet":1,"create:andesite_alloy":15,"create:basin":1,"minecraft:water_bucket":1,"minecraft:iron_ingot":17,"minecraft:oak_slab":1,"minecraft:wheat_seeds":4,"exdeorum:mycelium_spores":1,"kubejs:algal_blend":898,"minecraft:copper_ingot":37,"exdeorum:iron_mesh":1,"minecraft:coal":35,"minecraft:torch":1,"minecraft:wooden_axe":3,"tombstone:grave_dust":1,"minecraft:dead_bush":3,"ad_astra:ice_shard":1,"minecraft:cactus":1,"minecraft:pink_petals":3,"exdeorum:stone_pebble":16,"minecraft:bucket":5,"create:sand_paper":1,"create:raw_zinc":1,"minecraft:redstone":1,"pamhc2foodcore:grinderitem":1,"exdeorum:diamond_mesh":1,"minecraft:kelp":87,"minecraft:soul_soil":1,"projecte:transmutation_table":1,"kubejs:polished_coke":4,"create:copper_sheet":18,"minecraft:pumpkin_seeds":1,"minecraft:potato":41,"kubejs:coke":116,"kubejs:algal_brick":1,"create:zinc_ingot":34,"minecraft:spruce_planks":1,"minecraft:diamond_pickaxe":2,"minecraft:andesite":2,"kubejs:kinetic_mechanism":66,"minecraft:redstone_torch":1,"exdeorum:diorite_pebble":13,"minecraft:barrel":1,"minecraft:bamboo":4,"exdeorum:andesite_pebble":6,"minecraft:wooden_pickaxe":1},"minecraft:used":{"create:deployer":27,"minecraft:red_sand":134,"minecraft:spruce_slab":130,"minecraft:chest":12,"minecraft:stone":70,"minecraft:rotten_flesh":1,"create_connected:fluid_vessel":4,"create:fluid_tank":5,"minecraft:soul_sand":35,"exdeorum:porcelain_bucket":1,"create:white_sail":60,"create:cogwheel":129,"minecraft:carrot":304,"create:depot":4,"create:speedometer":11,"minecraft:lava_bucket":7,"create:millstone":8,"create:andesite_funnel":7,"minecraft:written_book":1,"minecraft:scaffolding":2,"create:shaft":71,"minecraft:oak_sapling":10,"minecraft:furnace":6,"minecraft:potato":36,"pamhc2trees:spiderweb_sapling":2,"create_connected:inverted_clutch":2,"minecraft:oak_planks":5,"compressium:cobblestone_1":1,"minecraft:wooden_pickaxe":178,"minecraft:clay":4,"create_mechanical_extruder:mechanical_extruder":2,"create:mechanical_saw":2,"minecraft:cookie":1,"createaddition:rolling_mill":2,"create_connected:inverted_gearshift":1,"quark:paper_wall":1,"minecraft:redstone_torch":4,"minecraft:lever":3,"exdeorum:oak_barrel":2,"projecte:transmutation_table":1,"create:andesite_casing":16,"createsifter:sifter":7,"create:basin":2,"minecraft:smithing_table":3,"create:stressometer":8,"minecraft:andesite":5,"create:large_cogwheel":102,"minecraft:redstone":4,"minecraft:spruce_planks":96,"create:white_table_cloth":2,"minecraft:torch":8,"create:mechanical_pump":2,"minecraft:dirt":1,"exdeorum:witch_water_bucket":1,"create:mechanical_mixer":2,"ironfurnaces:diamond_furnace":1,"compressium:dirt_1":1,"minecraft:spruce_stairs":4,"minecraft:wooden_axe":67,"minecraft:iron_axe":52,"exdeorum:porcelain_crucible":1,"create:fluid_pipe":6,"tombstone:gift":1,"create:belt_connector":37,"create:gearshift":1,"minecraft:water_bucket":11,"minecraft:glass_bottle":14,"minecraft:baked_potato":39,"minecraft:cobblestone_slab":227,"create:encased_fan":28,"minecraft:oak_slab":90,"minecraft:crafting_table":1,"minecraft:campfire":1,"minecraft:spruce_log":26,"exdeorum:dust":1934,"minecraft:oak_log":14,"minecraft:diamond_pickaxe":521,"minecraft:apple":2,"create:mechanical_press":17,"create:windmill_bearing":7,"minecraft:iron_pickaxe":1,"minecraft:stone_slab":242,"create:water_wheel":6,"create:large_water_wheel":3,"minecraft:stone_axe":122,"projecte:philosophers_stone":84,"minecraft:cobblestone":11,"minecraft:bucket":30,"create:clutch":4},"minecraft:killed_by":{"minecraft:player":2},"minecraft:broken":{"minecraft:stone_axe":1,"minecraft:wooden_pickaxe":3},"minecraft:mined":{"minecraft:spruce_planks":26,"create:white_table_cloth":1,"create:andesite_casing":10,"minecraft:obsidian":2,"pamhc2trees:spiderweb_sapling":2,"minecraft:grass_block":4,"create:belt":13,"create:speedometer":10,"minecraft:fire":9,"create:gearshift":1,"create:mechanical_press":16,"minecraft:spruce_slab":30,"create_connected:inverted_clutch":1,"create:cogwheel":76,"minecraft:clay":4,"minecraft:torch":8,"minecraft:chest":4,"minecraft:glass":1,"minecraft:cobblestone":45,"minecraft:sugar_cane":61,"minecraft:oak_planks":6,"create_mechanical_extruder:mechanical_extruder":2,"ironchest:dirt_chest":1,"create:large_water_wheel":1,"create:andesite_belt_funnel":2,"createsifter:sifter":7,"create:mechanical_mixer":1,"exdeorum:dust":5,"minecraft:oak_log":19,"exdeorum:oak_barrel":2,"create:stressometer":7,"minecraft:sand":2,"create:clutch":2,"minecraft:oak_leaves":13,"create:millstone":9,"minecraft:lever":1,"create:large_cogwheel":56,"create:depot":3,"minecraft:redstone_wire":1,"create:encased_fan":25,"minecraft:soul_campfire":1,"minecraft:spruce_leaves":3,"createaddition:rolling_mill":1,"create:shaft":43,"pamhc2trees:pamspiderweb":7,"minecraft:spruce_sapling":1,"minecraft:furnace":5,"minecraft:carrots":1,"create:white_sail":39,"minecraft:andesite":4,"minecraft:stripped_spruce_log":10,"create:windmill_bearing":6,"minecraft:cobblestone_slab":149,"create:deployer":26,"minecraft:stripped_oak_log":13,"minecraft:bamboo":24,"minecraft:stone":75,"minecraft:smithing_table":2,"minecraft:oak_slab":27,"minecraft:scaffolding":3,"minecraft:soul_sand":2,"minecraft:stone_brick_slab":1,"minecraft:crafting_table":1,"create:fluid_pipe":2,"create:water_wheel":6,"minecraft:stone_slab":66,"minecraft:tall_grass":1,"minecraft:diorite":1,"projecte:transmutation_table":2,"create:mechanical_saw":2,"create:water_wheel_structure":1,"ironfurnaces:diamond_furnace":1,"quark:paper_wall":1,"compressium:cobblestone_1":1,"minecraft:redstone_torch":4,"minecraft:spruce_log":22,"create_connected:fluid_vessel":4,"create:andesite_funnel":5},"minecraft:custom":{"minecraft:interact_with_crafting_table":140,"minecraft:leave_game":4,"minecraft:time_since_death":161528,"minecraft:damage_resisted":0,"minecraft:sprint_one_cm":634624,"minecraft:drop":252,"minecraft:play_time":561008,"minecraft:deaths":4,"minecraft:jump":4082,"minecraft:walk_on_water_one_cm":37733,"minecraft:interact_with_furnace":62,"minecraft:sleep_in_bed":1,"minecraft:damage_dealt":2030,"minecraft:player_kills":3,"minecraft:crouch_one_cm":130376,"tombstone:undead_killed":4,"minecraft:interact_with_smithing_table":28,"minecraft:mob_kills":7,"minecraft:damage_dealt_resisted":0,"minecraft:climb_one_cm":8151,"minecraft:walk_one_cm":823114,"minecraft:sneak_time":40263,"minecraft:walk_under_water_one_cm":5492,"minecraft:total_world_time":561008,"minecraft:time_since_rest":161552,"minecraft:damage_absorbed":3,"minecraft:damage_taken":4040,"minecraft:swim_one_cm":5228,"minecraft:fly_one_cm":614138,"minecraft:open_chest":384,"minecraft:fall_one_cm":303796},"minecraft:picked_up":{"exdeorum:mycelium_spores":1,"exdeorum:dust":20,"minecraft:smithing_table":2,"minecraft:stone_slab":72,"kubejs:kinetic_mechanism":75,"minecraft:string":9,"minecraft:soul_soil":1,"create:sand_paper":1,"pamhc2trees:spiderweb_sapling":2,"create:andesite_funnel":7,"create:water_wheel":6,"create:mechanical_press":16,"minecraft:spruce_planks":23,"kubejs:polished_coke":16,"minecraft:redstone_torch":4,"miniutilities:stone_opinium_core":1,"minecraft:written_book":1,"minecraft:cobblestone_slab":143,"minecraft:azalea":37,"minecraft:furnace":4,"minecraft:stick":7,"create:mechanical_mixer":1,"minecraft:big_dripleaf":9,"minecraft:torch":11,"create:andesite_casing":9,"minecraft:dried_kelp":64,"tombstone:grave_dust":1,"create:large_cogwheel":59,"minecraft:cactus":23,"minecraft:rotten_flesh":1,"minecraft:obsidian":92,"create:speedometer":10,"minecraft:cobblestone":100,"minecraft:pink_petals":3,"create:white_table_cloth":2,"minecraft:andesite":6,"kubejs:algal_brick":112,"minecraft:potato":108,"create:belt_connector":12,"minecraft:flint":31,"create:raw_zinc":1,"minecraft:lapis_lazuli":329,"minecraft:dirt":47,"minecraft:glass":15,"minecraft:bone":2,"minecraft:wheat_seeds":6,"projecte:philosophers_stone":3,"create:shaft":52,"minecraft:bamboo":211,"minecraft:oak_planks":28,"create:gearshift":1,"create:cogwheel":76,"miniutilities:diamond_opinium_core":3,"minecraft:poisonous_potato":2,"minecraft:sand":32,"miniutilities:wooden_opinium_core":64,"minecraft:stripped_spruce_log":10,"minecraft:dead_bush":17,"createsifter:zinc_mesh":1,"minecraft:clay":4,"minecraft:diamond":6,"minecraft:lever":1,"minecraft:bone_meal":332,"createsifter:sifter":7,"exdeorum:crimson_nylium_spores":1,"projecte:transmutation_table":2,"minecraft:oak_sapling":20,"create:stressometer":7,"create:white_sail":35,"minecraft:diamond_pickaxe":2,"create:copper_sheet":38,"minecraft:crafting_table":1,"minecraft:nether_wart":1,"minecraft:clay_ball":148,"minecraft:wooden_pickaxe":1,"kubejs:nourished_coke":18,"createaddition:rolling_mill":1,"exdeorum:oak_barrel":2,"create:fluid_pipe":2,"exdeorum:granite_pebble":14,"kubejs:coke":71,"exdeorum:zinc_ore_chunk":54,"create:basin":1,"minecraft:jungle_sapling":5,"minecraft:iron_nugget":17,"ironfurnaces:diamond_furnace":1,"minecraft:spruce_slab":21,"minecraft:sugar_cane":96,"minecraft:chest":4,"minecraft:birch_sapling":1,"create:clutch":2,"ironchest:dirt_chest":1,"minecraft:dark_oak_sapling":43,"minecraft:stone":105,"minecraft:copper_ingot":4,"create:golden_sheet":4,"create_connected:fluid_vessel":4,"create:windmill_bearing":6,"minecraft:carrot":254,"minecraft:redstone":310,"create:zinc_ingot":16,"kubejs:incomplete_sealed_mechanism":34,"create:deployer":25,"minecraft:beetroot_seeds":1,"exdeorum:diorite_pebble":16,"create:depot":3,"exdeorum:andesite_pebble":6,"minecraft:white_wool":1,"minecraft:stripped_oak_log":12,"create:iron_sheet":13,"minecraft:oak_log":94,"create:andesite_alloy":29,"minecraft:gunpowder":328,"minecraft:kelp":128,"exdeorum:stone_pebble":30,"minecraft:iron_ingot":267,"kubejs:algal_blend":737,"create_mechanical_extruder:mechanical_extruder":2,"minecraft:flowering_azalea":21,"minecraft:soul_sand":2,"create:mechanical_saw":2,"minecraft:scaffolding":2,"minecraft:oak_slab":22,"create:large_water_wheel":2,"minecraft:quartz":4,"minecraft:gravel":9,"minecraft:amethyst_shard":18,"create_connected:inverted_clutch":1,"minecraft:spruce_sapling":1,"minecraft:spruce_log":20,"pamhc2foodcore:grinderitem":1,"createaddition:zinc_sheet":17,"create:millstone":8,"minecraft:pumpkin_seeds":1,"exdeorum:warped_nylium_spores":1,"quark:paper_wall":1,"create:encased_fan":25,"compressium:cobblestone_1":1,"minecraft:cherry_sapling":16,"minecraft:baked_potato":6,"minecraft:melon_seeds":4,"minecraft:mangrove_propagule":15,"minecraft:coal":29},"minecraft:crafted":{"miniutilities:diamond_opinium_core":2,"minecraft:oak_planks":220,"minecraft:cobblestone_slab":162,"minecraft:barrel":11,"quark:sturdy_stone":24,"create:andesite_casing":54,"industrialforegoing:iron_gear":1,"minecraft:stone":3,"exdeorum:unfired_porcelain_crucible":1,"minecraft:lever":2,"miniutilities:gold_opinium_core":7,"create:deployer":1,"minecraft:spruce_pressure_plate":1,"kubejs:algal_brick":160,"minecraft:glass":1,"create_connected:fluid_vessel":4,"create:mechanical_press":1,"minecraft:chest":9,"create:cogwheel":90,"exdeorum:porcelain_crucible":1,"create:brass_hand":1,"kubejs:algal_blend":224,"create:depot":1,"minecraft:oak_slab":68,"woodenhopper:wooden_hopper":1,"minecraft:emerald":2,"minecraft:spruce_planks":107,"create:mechanical_saw":1,"create:fluid_pipe":2,"minecraft:wooden_pickaxe":4,"minecraft:baked_potato":1,"create:zinc_nugget":222,"minecraft:smithing_table":1,"minecraft:golden_pickaxe":1,"create:sand_paper":3,"miniutilities:iron_opinium_core":22,"create:gearshift":1,"minecraft:campfire":1,"create:clutch":4,"cobblefordays:tier_1":1,"create:stressometer":1,"rechiseled:chisel":1,"create:encased_fan":2,"compressium:dirt_1":7,"createsifter:sifter":1,"minecraft:paper":1,"minecraft:diamond_pickaxe":1,"minecraft:charcoal":9,"create:water_wheel":1,"exdeorum:porcelain_bucket":3,"minecraft:stone_slab":32,"minecraft:stick":30,"create:mechanical_pump":2,"minecraft:iron_ingot":5,"minecraft:compass":2,"minecraft:iron_pickaxe":1,"minecraft:gold_ingot":40,"create:large_cogwheel":20,"create:propeller":4,"exdeorum:dust":1920,"kubejs:kinetic_mechanism":53,"minecraft:redstone_torch":1,"kubejs:flint_saw":1,"projectred_core:screwdriver":1,"create:steam_engine":1,"minecraft:iron_nugget":1,"create:white_sail":16,"create_connected:inverted_gearshift":1,"minecraft:furnace":2,"miniutilities:stone_opinium_core":48,"minecraft:spruce_stairs":1,"minecraft:diamond":10,"minecraft:iron_axe":1,"minecraft:spruce_slab":26,"create:millstone":1,"create:fluid_tank":8,"minecraft:stone_pickaxe":1,"kubejs:saw_blade":1,"kubejs:andesite_machine":14,"compressium:stone_1":3,"create:basin":2,"create:belt_connector":4,"create:windmill_bearing":1,"create:andesite_alloy":145,"create:hand_crank":1,"cb_microblock:stone_rod":4,"create_connected:inverted_clutch":2,"minecraft:dried_kelp":10,"create:large_water_wheel":1,"minecraft:stone_axe":2,"minecraft:air":4625,"minecraft:blue_dye":2,"exdeorum:porcelain_clay_ball":11,"miniutilities:wooden_opinium_core":68,"create:whisk":1,"minecraft:cobblestone":9,"create:raw_zinc":5,"minecraft:wooden_axe":4,"create:zinc_block":1,"compressium:cobblestone_1":15,"minecraft:stonecutter":1,"kubejs:copper_machine":1,"create:shaft":35,"create:zinc_ingot":68,"create:copper_casing":1},"minecraft:killed":{"minecraft:skeleton":1,"minecraft:creeper":3,"minecraft:zombie":3}},"DataVersion":3465}