{"stats":{"minecraft:dropped":{"minecraft:lapis_lazuli":2,"create_connected:inverted_clutch":12,"minecraft:oak_log":3,"minecraft:diamond":6,"create:cogwheel":1,"exdeorum:golden_mesh":1,"minecraft:flint":2,"minecraft:emerald":1,"exdeorum:dust":21,"exdeorum:granite_pebble":6,"minecraft:bone_meal":380,"projecte:philosophers_stone":5,"minecraft:sand":2,"create:large_cogwheel":64,"minecraft:gold_ingot":1,"minecraft:gravel":186,"minecraft:iron_nugget":65,"exdeorum:string_mesh":2,"exdeorum:unfired_porcelain_bucket":4,"minecraft:obsidian":257,"minecraft:cherry_sapling":1,"minecraft:rotten_flesh":2,"minecraft:oak_planks":12,"create:white_sail":7,"minecraft:gunpowder":1,"minecraft:melon_seeds":1,"apotheosis:gem":1,"minecraft:glass":63,"create:andesite_alloy":24,"minecraft:iron_ingot":16,"minecraft:stripped_spruce_log":1,"minecraft:oak_slab":1,"minecraft:wheat_seeds":2,"kubejs:algal_blend":1202,"create_connected:encased_chain_cogwheel":64,"minecraft:cobblestone":29,"create:zinc_nugget":65,"exdeorum:iron_mesh":1,"create_connected:vertical_six_way_gearbox":16,"minecraft:stick":37,"minecraft:diorite":2,"create_connected:vertical_parallel_gearbox":16,"ad_astra:ice_shard":1,"minecraft:string":1,"exdeorum:stone_pebble":4,"create:raw_zinc":1,"minecraft:spruce_sapling":1,"minecraft:stone_brick_slab":3,"pamhc2foodcore:grinderitem":1,"create_connected:inverted_gearshift":8,"exdeorum:diamond_mesh":1,"minecraft:kelp":128,"miniutilities:stone_opinium_core":1,"minecraft:clay_ball":7,"minecraft:stripped_oak_log":1,"exdeorum:flint_mesh":2,"create_connected:parallel_gearbox":24,"minecraft:pumpkin_seeds":1,"create:sail_frame":19,"minecraft:potato":128,"minecraft:cobblestone_slab":2,"minecraft:stone":14,"minecraft:spruce_planks":16,"create:zinc_ingot":17,"minecraft:diamond_pickaxe":1,"minecraft:oak_sapling":1,"quark:stone_brick_vertical_slab":11,"exdeorum:diorite_pebble":6,"minecraft:bamboo":1,"minecraft:spruce_log":1,"exdeorum:andesite_pebble":31,"create:white_table_cloth":1},"minecraft:used":{"create:deployer":2,"minecraft:red_sand":1,"minecraft:iron_shovel":2,"tombstone:dark_marble":1,"minecraft:chest":8,"minecraft:stone":4,"minecraft:soul_campfire":1,"exdeorum:porcelain_bucket":5,"create:white_sail":61,"create:cogwheel":53,"minecraft:stripped_spruce_log":26,"minecraft:obsidian":524,"minecraft:lava_bucket":8,"create:millstone":1,"minecraft:stone_bricks":1,"create:andesite_funnel":1,"create:shaft":23,"minecraft:sweet_berries":2,"minecraft:potato":1,"pamhc2trees:spiderweb_sapling":3,"minecraft:diorite":1,"minecraft:stone_pickaxe":15,"minecraft:sandstone":105,"minecraft:clay":2,"minecraft:cookie":1,"minecraft:sand":36,"minecraft:lever":2,"projecte:transmutation_table":1,"create:andesite_casing":1,"createsifter:sifter":1,"create:basin":1,"exdeorum:porcelain_lava_bucket":2,"quark:stone_brick_vertical_slab":55,"exdeorum:mycelium_spores":7,"create:large_cogwheel":17,"minecraft:flint_and_steel":5,"minecraft:stone_shovel":107,"minecraft:spruce_planks":28,"create:white_table_cloth":3,"minecraft:torch":11,"minecraft:dirt":213,"minecraft:anvil":1,"create:mechanical_mixer":1,"minecraft:stone_brick_slab":22,"exdeorum:porcelain_witch_water_bucket":3,"minecraft:iron_block":1,"minecraft:iron_axe":263,"ironchest:gold_chest":2,"tombstone:gift":4,"create:belt_connector":11,"minecraft:water_bucket":31,"minecraft:baked_potato":24,"minecraft:stonecutter":1,"minecraft:cobblestone_slab":14,"create:encased_fan":11,"minecraft:oak_slab":6,"minecraft:crafting_table":1,"minecraft:campfire":1,"minecraft:spruce_log":59,"create:sail_frame":27,"minecraft:oak_log":18,"exdeorum:dust":2496,"minecraft:diamond_pickaxe":2,"create:mechanical_press":2,"create:windmill_bearing":4,"minecraft:iron_pickaxe":79,"minecraft:stone_slab":31,"minecraft:spruce_sapling":1,"minecraft:stone_axe":17,"projecte:philosophers_stone":182,"minecraft:cobblestone":49,"create_connected:vertical_six_way_gearbox":1,"minecraft:bucket":40,"create:clutch":2},"minecraft:killed_by":{"minecraft:player":3},"minecraft:mined":{"minecraft:spruce_planks":4,"minecraft:oak_sapling":1,"create:white_table_cloth":2,"create:andesite_casing":1,"minecraft:obsidian":1,"pamhc2trees:spiderweb_sapling":2,"minecraft:grass_block":3,"create:belt":1,"minecraft:fire":8,"ironchest:gold_chest":1,"minecraft:iron_block":1,"create:mechanical_press":1,"create:cogwheel":31,"create:sail_frame":26,"minecraft:clay":2,"minecraft:torch":17,"minecraft:cobblestone":9,"create:basin":1,"createsifter:sifter":1,"minecraft:oak_log":11,"minecraft:sand":22,"minecraft:dirt":4,"create:clutch":1,"create:large_cogwheel":10,"create:encased_fan":8,"quark:stone_brick_vertical_slab":26,"minecraft:spruce_leaves":10,"create:shaft":9,"pamhc2trees:pamspiderweb":2,"create:white_sail":35,"minecraft:andesite":1,"minecraft:stripped_spruce_log":80,"create:windmill_bearing":3,"minecraft:cobblestone_slab":2,"create:deployer":2,"minecraft:stone":2,"minecraft:oak_slab":2,"minecraft:stone_brick_slab":6,"minecraft:spruce_log":7,"minecraft:gravel":105,"create_connected:six_way_gearbox":1,"create:andesite_funnel":1},"minecraft:custom":{"minecraft:interact_with_crafting_table":120,"minecraft:leave_game":2,"minecraft:time_since_death":33000,"minecraft:sprint_one_cm":701169,"minecraft:drop":190,"minecraft:play_time":552453,"minecraft:deaths":14,"minecraft:jump":4806,"minecraft:walk_on_water_one_cm":35808,"minecraft:interact_with_furnace":23,"minecraft:sleep_in_bed":1,"minecraft:damage_dealt":1544,"minecraft:player_kills":5,"minecraft:crouch_one_cm":116911,"minecraft:interact_with_smithing_table":8,"minecraft:interact_with_anvil":2,"minecraft:damage_dealt_resisted":0,"minecraft:climb_one_cm":273,"minecraft:walk_one_cm":790779,"minecraft:sneak_time":35092,"minecraft:walk_under_water_one_cm":17198,"minecraft:total_world_time":552453,"minecraft:interact_with_stonecutter":4,"minecraft:time_since_rest":33020,"minecraft:damage_taken":4190,"minecraft:damage_absorbed":8,"minecraft:swim_one_cm":9406,"minecraft:fly_one_cm":710643,"minecraft:open_chest":421,"minecraft:fall_one_cm":444880},"minecraft:picked_up":{"exdeorum:porcelain_bucket":2,"exdeorum:mycelium_spores":1,"exdeorum:dust":18,"kubejs:kinetic_mechanism":38,"exdeorum:grass_seeds":3,"minecraft:string":13,"pamhc2trees:spiderweb_sapling":2,"create:andesite_funnel":65,"minecraft:sea_pickle":1,"create:mechanical_press":1,"minecraft:spruce_planks":12,"minecraft:cobblestone_slab":4,"minecraft:stick":31,"apotheosis:gem":1,"create:mechanical_mixer":1,"minecraft:torch":18,"create:andesite_casing":25,"minecraft:dried_kelp":128,"ironchest:gold_chest":1,"minecraft:pointed_dripstone":1,"minecraft:diorite":1,"create:large_cogwheel":107,"minecraft:cactus":4,"minecraft:rotten_flesh":2,"minecraft:iron_block":1,"minecraft:obsidian":66,"minecraft:cobblestone":11,"minecraft:pink_petals":1,"create:white_table_cloth":2,"minecraft:andesite":1,"kubejs:algal_brick":1025,"minecraft:potato":71,"create:belt_connector":38,"minecraft:flint":23,"minecraft:lapis_lazuli":418,"minecraft:dirt":5,"create:encased_chain_drive":96,"minecraft:glass":63,"minecraft:bone":1,"minecraft:wheat_seeds":7,"create:mechanical_drill":1,"projecte:philosophers_stone":3,"create:shaft":75,"rechiseled:chisel":1,"minecraft:bamboo":1,"minecraft:oak_planks":8,"create:gearshift":68,"exdeorum:unfired_porcelain_bucket":2,"create:cogwheel":103,"create_connected:encased_chain_cogwheel":128,"minecraft:sand":24,"minecraft:stripped_spruce_log":80,"quark:stone_brick_vertical_slab":30,"createsifter:zinc_mesh":1,"minecraft:dead_bush":3,"minecraft:clay":2,"create_connected:six_way_gearbox":8,"minecraft:lever":1,"minecraft:bone_meal":470,"createsifter:sifter":1,"minecraft:oak_sapling":2,"create:white_sail":35,"minecraft:diamond_pickaxe":1,"minecraft:clay_ball":9,"exdeorum:string_mesh":1,"exdeorum:granite_pebble":82,"create_connected:parallel_gearbox":48,"exdeorum:zinc_ore_chunk":12,"minecraft:iron_nugget":189,"minecraft:sugar_cane":2,"minecraft:birch_sapling":3,"create:clutch":9,"minecraft:stone":3,"create:golden_sheet":1,"create:windmill_bearing":3,"minecraft:carrot":5,"minecraft:redstone":395,"create:zinc_ingot":143,"create:vertical_gearbox":32,"create:deployer":2,"kubejs:flint_saw":1,"minecraft:arrow":1,"minecraft:beetroot_seeds":3,"exdeorum:diorite_pebble":34,"create:depot":80,"exdeorum:andesite_pebble":28,"minecraft:gold_ingot":1,"minecraft:white_wool":1,"minecraft:soul_campfire":1,"minecraft:stripped_oak_log":1,"create:iron_sheet":11,"minecraft:oak_log":75,"create:andesite_alloy":24,"minecraft:lily_pad":2,"minecraft:gunpowder":461,"minecraft:kelp":6,"exdeorum:stone_pebble":92,"minecraft:iron_ingot":132,"kubejs:algal_blend":178,"create_mechanical_extruder:mechanical_extruder":2,"minecraft:soul_sand":60,"minecraft:oak_slab":2,"create_connected:vertical_parallel_gearbox":32,"minecraft:sweet_berries":1,"minecraft:stone_brick_slab":7,"minecraft:gravel":186,"create_connected:inverted_clutch":24,"minecraft:spruce_sapling":2,"minecraft:spruce_log":8,"pamhc2foodcore:grinderitem":1,"create:gearbox":48,"create:sail_frame":27,"createaddition:zinc_sheet":12,"minecraft:pumpkin_seeds":5,"create:millstone":1,"create:zinc_nugget":304,"create_connected:inverted_gearshift":16,"create:encased_fan":8,"minecraft:cherry_sapling":66,"create_connected:vertical_six_way_gearbox":33,"minecraft:baked_potato":64,"minecraft:melon_seeds":7,"minecraft:ender_pearl":1},"minecraft:crafted":{"minecraft:oak_planks":77,"minecraft:cobblestone_slab":12,"create:andesite_casing":270,"industrialforegoing:iron_gear":2,"minecraft:lever":2,"create:vertical_gearbox":32,"kubejs:algal_brick":3,"minecraft:stone_brick_slab":18,"create:mechanical_press":1,"pamhc2foodcore:grinderitem":1,"minecraft:chest":9,"projecte:transmutation_table":1,"create:cogwheel":369,"create_connected:encased_chain_cogwheel":32,"kubejs:algal_blend":644,"minecraft:oak_slab":6,"create:depot":64,"minecraft:wooden_shovel":1,"minecraft:crafting_table":1,"minecraft:spruce_planks":269,"minecraft:baked_potato":30,"minecraft:wooden_pickaxe":1,"create:zinc_nugget":725,"miniutilities:iron_opinium_core":6,"create:gearshift":64,"minecraft:campfire":1,"create:encased_chain_drive":64,"create:mechanical_mixer":1,"create:clutch":8,"create:gearbox":64,"create:encased_fan":1,"exdeorum:flint_mesh":1,"minecraft:stick":41,"minecraft:stone_slab":66,"minecraft:iron_ingot":21,"minecraft:iron_pickaxe":1,"minecraft:iron_block":4,"create:white_table_cloth":2,"minecraft:gold_ingot":1,"minecraft:sandstone":97,"create:large_cogwheel":64,"create:propeller":3,"exdeorum:dust":2512,"kubejs:kinetic_mechanism":82,"kubejs:flint_saw":5,"create_connected:six_way_gearbox":8,"quark:stone_brick_vertical_slab":36,"minecraft:stone_shovel":1,"create_connected:vertical_six_way_gearbox":8,"minecraft:iron_nugget":97,"create:white_sail":52,"create_connected:inverted_gearshift":4,"miniutilities:stone_opinium_core":24,"minecraft:flint_and_steel":2,"create_connected:parallel_gearbox":32,"minecraft:leather":3,"minecraft:iron_axe":2,"exdeorum:string_mesh":1,"kubejs:drill_head":1,"minecraft:stone_pickaxe":1,"kubejs:saw_blade":1,"kubejs:andesite_machine":14,"create:basin":1,"create:belt_connector":21,"create:windmill_bearing":1,"ironchest:gold_chest":1,"create:andesite_alloy":428,"cb_microblock:stone_rod":14,"create:sail_frame":19,"create_connected:inverted_clutch":8,"minecraft:dried_kelp":6,"minecraft:stone_axe":2,"minecraft:air":7129,"miniutilities:wooden_opinium_core":62,"create:whisk":1,"create:zinc_block":1,"create:raw_zinc":1,"tombstone:dark_marble":1,"minecraft:wooden_axe":3,"minecraft:iron_shovel":1,"minecraft:stonecutter":1,"minecraft:anvil":1,"create:mechanical_drill":1,"create:shaft":212,"minecraft:andesite":7,"create_connected:vertical_parallel_gearbox":16,"ironchest:iron_chest":1}},"DataVersion":3465}