{"stats":{"minecraft:dropped":{"minecraft:oak_slab":1,"minecraft:oak_log":5,"minecraft:diamond":1,"minecraft:red_sandstone":2,"exdeorum:zinc_ore_chunk":1,"minecraft:mangrove_propagule":1,"minecraft:glow_berries":1,"create:cogwheel":1,"exdeorum:golden_mesh":1,"exdeorum:iron_mesh":1,"minecraft:stick":1,"minecraft:emerald":1,"minecraft:dead_bush":2,"minecraft:jungle_sapling":3,"pamhc2trees:spiderweb_sapling":1,"tconstruct:flint_shuriken":16,"projecte:philosophers_stone":5,"ad_astra:ice_shard":1,"miniutilities:wooden_opinium_core":64,"create:large_cogwheel":1,"minecraft:cactus":7,"minecraft:string":24,"exdeorum:stone_pebble":1,"minecraft:lily_pad":1,"minecraft:redstone":1,"exdeorum:diamond_mesh":1,"exdeorum:string_mesh":1,"minecraft:obsidian":30,"exdeorum:flint_mesh":1,"minecraft:glow_lichen":1,"minecraft:cobblestone_slab":3,"minecraft:stone":31,"kubejs:algal_brick":48,"exdeorum:warped_nylium_spores":2,"apotheosis:gem":1,"minecraft:acacia_sapling":4,"minecraft:small_dripleaf":1,"kubejs:kinetic_mechanism":32,"minecraft:bamboo":3,"minecraft:written_book":1,"createaddition:zinc_sheet":1},"minecraft:used":{"minecraft:azalea":1,"ironchest:wood_to_iron_chest_upgrade":5,"minecraft:cherry_sapling":1,"minecraft:red_sand":72,"minecraft:dispenser":11,"minecraft:chest":4,"minecraft:stone":860,"woodenhopper:wooden_hopper":1,"minecraft:stone_hoe":8,"minecraft:soul_campfire":10,"minecraft:torch":12,"minecraft:soul_sand":8,"minecraft:dirt":171,"exdeorum:porcelain_bucket":50,"minecraft:hopper":9,"ironchest:iron_chest":1,"minecraft:carrot":141,"minecraft:obsidian":1,"minecraft:small_dripleaf":3,"minecraft:flowering_azalea":1,"minecraft:iron_axe":463,"minecraft:birch_sapling":2,"minecraft:bamboo":12,"minecraft:melon_seeds":6,"tconstruct:flint_shuriken":17,"exdeorum:porcelain_water_bucket":43,"minecraft:sweet_berries":2,"minecraft:written_book":2,"minecraft:scaffolding":284,"minecraft:oak_sapling":3,"minecraft:furnace":1,"tombstone:gift":3,"minecraft:potato":15,"minecraft:observer":15,"pamhc2trees:spiderweb_sapling":2,"minecraft:wheat_seeds":4,"ironchest:dirt_chest":2,"minecraft:water_bucket":19,"minecraft:baked_potato":9,"minecraft:oak_planks":33,"minecraft:lily_pad":1,"minecraft:wooden_pickaxe":2,"minecraft:sandstone":1,"minecraft:composter":1,"minecraft:sugar_cane":19,"minecraft:cobblestone_slab":4,"minecraft:cookie":1,"minecraft:oak_slab":1,"minecraft:white_bed":1,"minecraft:spruce_log":5,"quark:paper_wall":19,"minecraft:wooden_hoe":41,"minecraft:iron_pickaxe":156,"minecraft:mangrove_propagule":2,"ironchest:iron_to_gold_chest_upgrade":2,"minecraft:stone_slab":2617,"minecraft:gravel":1,"minecraft:spruce_sapling":53,"minecraft:stone_axe":240,"projecte:philosophers_stone":144,"minecraft:pink_petals":2,"minecraft:diamond_sword":7,"minecraft:cobblestone":38,"minecraft:poisonous_potato":2,"minecraft:bucket":19,"minecraft:bone_meal":18},"minecraft:broken":{"minecraft:iron_axe":2,"minecraft:stone_axe":1,"minecraft:wooden_hoe":1},"minecraft:mined":{"minecraft:grass_block":1,"minecraft:soul_campfire":1,"minecraft:spruce_leaves":95,"pamhc2trees:pamspiderweb":3,"minecraft:spruce_sapling":6,"minecraft:carrots":11,"minecraft:red_sandstone":1,"minecraft:stripped_spruce_log":3,"minecraft:potatoes":5,"minecraft:cobblestone_slab":1,"ironchest:iron_chest":1,"minecraft:stone":30,"minecraft:bamboo_sapling":2,"minecraft:bamboo":50,"minecraft:podzol":1,"minecraft:scaffolding":36,"minecraft:observer":5,"minecraft:torch":4,"woodenhopper:wooden_hopper":1,"minecraft:stone_slab":74,"minecraft:cobblestone":40,"minecraft:oak_planks":7,"minecraft:sugar_cane":58,"ironchest:dirt_chest":1,"minecraft:wall_torch":1,"quark:paper_wall":1,"minecraft:spruce_log":594,"minecraft:oak_log":51,"minecraft:sand":2,"minecraft:gravel":1,"minecraft:dirt":6,"minecraft:oak_leaves":33},"minecraft:killed_by":{"minecraft:player":3,"minecraft:skeleton":2,"minecraft:zombie":1},"minecraft:custom":{"minecraft:interact_with_smithing_table":7,"minecraft:mob_kills":20,"minecraft:inspect_hopper":3,"minecraft:interact_with_crafting_table":123,"minecraft:damage_dealt_resisted":0,"minecraft:leave_game":11,"minecraft:time_since_death":11342,"minecraft:climb_one_cm":158151,"minecraft:sprint_one_cm":709123,"minecraft:walk_one_cm":869352,"minecraft:drop":83,"minecraft:play_time":508596,"minecraft:sneak_time":75555,"minecraft:deaths":8,"minecraft:walk_under_water_one_cm":825,"minecraft:jump":2794,"minecraft:walk_on_water_one_cm":50685,"minecraft:total_world_time":508596,"minecraft:interact_with_furnace":42,"minecraft:sleep_in_bed":1,"minecraft:time_since_rest":11369,"minecraft:damage_absorbed":8,"minecraft:damage_taken":4184,"minecraft:damage_dealt":3481,"minecraft:swim_one_cm":432,"minecraft:fly_one_cm":269637,"minecraft:open_chest":750,"minecraft:crouch_one_cm":275213,"tombstone:undead_killed":12,"minecraft:fall_one_cm":122638,"minecraft:inspect_dispenser":33},"minecraft:picked_up":{"minecraft:wooden_axe":1,"exdeorum:mycelium_spores":2,"minecraft:nether_wart":1,"minecraft:clay_ball":1,"minecraft:stone_slab":64,"exdeorum:grass_seeds":1,"minecraft:string":24,"minecraft:soul_soil":1,"exdeorum:granite_pebble":26,"create:andesite_funnel":32,"minecraft:red_sand":1216,"minecraft:bucket":1,"create_connected:parallel_gearbox":16,"minecraft:observer":5,"exdeorum:zinc_ore_chunk":73,"minecraft:cobblestone_slab":7,"minecraft:jungle_sapling":3,"minecraft:azalea":1,"minecraft:sugar_cane":94,"minecraft:birch_sapling":3,"create:clutch":8,"ironchest:dirt_chest":1,"minecraft:stick":39,"apotheosis:gem":2,"minecraft:stone":1,"minecraft:torch":5,"ironchest:iron_chest":1,"tombstone:grave_dust":4,"minecraft:carrot":191,"minecraft:redstone":6,"create:vertical_gearbox":32,"create:large_cogwheel":1,"minecraft:cactus":14,"minecraft:arrow":3,"minecraft:rotten_flesh":12,"minecraft:beetroot_seeds":3,"exdeorum:diorite_pebble":29,"create:depot":16,"minecraft:gold_ingot":7,"exdeorum:andesite_pebble":27,"minecraft:glow_berries":1,"minecraft:obsidian":65,"minecraft:cobblestone":62,"minecraft:pink_petals":1,"minecraft:water_bucket":1,"kubejs:algal_brick":48,"minecraft:potato":74,"minecraft:flint":5,"minecraft:oak_log":50,"minecraft:lily_pad":2,"minecraft:gunpowder":5,"minecraft:dirt":69,"create:encased_chain_drive":64,"minecraft:bone":7,"minecraft:red_sandstone":2,"minecraft:wheat_seeds":6,"minecraft:small_dripleaf":4,"exdeorum:stone_pebble":27,"projecte:philosophers_stone":1,"minecraft:iron_ingot":32,"minecraft:bamboo":679,"minecraft:oak_planks":6,"minecraft:flowering_azalea":1,"minecraft:acacia_sapling":4,"minecraft:green_dye":2,"minecraft:scaffolding":86,"create:gearshift":8,"create_connected:vertical_parallel_gearbox":16,"minecraft:sweet_berries":2,"create:cogwheel":1,"minecraft:quartz":3,"minecraft:poisonous_potato":2,"minecraft:gravel":1,"create_connected:encased_chain_cogwheel":32,"minecraft:sand":2,"minecraft:amethyst_shard":7,"create_connected:inverted_clutch":4,"minecraft:stripped_spruce_log":2,"minecraft:spruce_sapling":74,"minecraft:dead_bush":5,"minecraft:spruce_log":595,"create:gearbox":32,"createaddition:zinc_sheet":1,"minecraft:pumpkin_seeds":3,"exdeorum:warped_nylium_spores":2,"minecraft:diamond":15,"create_connected:six_way_gearbox":8,"quark:paper_wall":1,"create_connected:inverted_gearshift":4,"minecraft:bone_meal":26,"minecraft:cherry_sapling":1,"create_connected:vertical_six_way_gearbox":8,"woodenhopper:wooden_hopper":1,"minecraft:emerald":2,"minecraft:oak_sapling":14,"minecraft:melon_seeds":4,"minecraft:mangrove_propagule":3},"minecraft:crafted":{"miniutilities:diamond_opinium_core":2,"minecraft:wooden_sword":1,"minecraft:oak_planks":140,"minecraft:furnace":1,"minecraft:stone":41,"ironchest:dirt_chest":2,"minecraft:lever":1,"miniutilities:gold_opinium_core":6,"miniutilities:stone_opinium_core":60,"minecraft:granite":6,"minecraft:scaffolding":354,"minecraft:bamboo_block":1,"minecraft:hopper":9,"minecraft:repeater":23,"minecraft:bow":11,"minecraft:iron_axe":2,"minecraft:comparator":1,"minecraft:stone_pickaxe":2,"minecraft:chest":21,"minecraft:stone_hoe":1,"tconstruct:flint_shuriken":32,"minecraft:golden_sword":1,"quark:paper_wall":8,"minecraft:observer":10,"minecraft:sugar":2,"minecraft:oak_slab":6,"woodenhopper:wooden_hopper":9,"ironchest:wood_to_iron_chest_upgrade":5,"minecraft:diamond_sword":1,"minecraft:soul_campfire":10,"minecraft:spruce_planks":449,"minecraft:wooden_pickaxe":3,"minecraft:baked_potato":9,"minecraft:iron_sword":1,"minecraft:dirt":13,"miniutilities:iron_opinium_core":23,"minecraft:stone_axe":4,"minecraft:diorite":7,"minecraft:air":4040,"exdeorum:porcelain_clay_ball":40,"minecraft:dispenser":11,"compressium:dirt_1":7,"ironchest:iron_to_gold_chest_upgrade":2,"miniutilities:wooden_opinium_core":273,"minecraft:white_wool":3,"minecraft:wooden_hoe":1,"minecraft:paper":53,"minecraft:charcoal":3,"exdeorum:porcelain_bucket":9,"minecraft:stick":31,"minecraft:stone_slab":630,"create:raw_zinc":1,"minecraft:iron_pickaxe":2,"minecraft:wooden_axe":4,"minecraft:stone_sword":1,"minecraft:white_bed":1,"minecraft:redstone_torch":3,"minecraft:andesite":6,"minecraft:composter":1,"minecraft:torch":2,"create:zinc_ingot":1,"exdeorum:unfired_porcelain_bucket":11},"minecraft:killed":{"minecraft:spider":6,"minecraft:skeleton":1,"minecraft:creeper":1,"minecraft:zombie":11}},"DataVersion":3465}